-- phpMyAdmin SQL Dump
-- version 4.6.5.2
-- https://www.phpmyadmin.net/
--
-- Servidor: localhost
-- Tiempo de generación: 30-10-2019 a las 02:47:30
-- Versión del servidor: 10.1.21-MariaDB
-- Versión de PHP: 5.6.30

SET SQL_MODE = "NO_AUTO_VALUE_ON_ZERO";
SET time_zone = "+00:00";


/*!40101 SET @OLD_CHARACTER_SET_CLIENT=@@CHARACTER_SET_CLIENT */;
/*!40101 SET @OLD_CHARACTER_SET_RESULTS=@@CHARACTER_SET_RESULTS */;
/*!40101 SET @OLD_COLLATION_CONNECTION=@@COLLATION_CONNECTION */;
/*!40101 SET NAMES utf8mb4 */;

--
-- Base de datos: `nutricion_tesis`
--

-- --------------------------------------------------------

--
-- Estructura de tabla para la tabla `administrador`
--

CREATE TABLE `administrador` (
  `rut` varchar(10) NOT NULL,
  `clave` varchar(100) NOT NULL
) ENGINE=InnoDB DEFAULT CHARSET=utf8;

--
-- Volcado de datos para la tabla `administrador`
--

INSERT INTO `administrador` (`rut`, `clave`) VALUES
('14957340-2', '601f1889667efaebb33b8c12572835da3f027f78');

-- --------------------------------------------------------

--
-- Estructura de tabla para la tabla `alimento`
--

CREATE TABLE `alimento` (
  `idAlimento` int(11) NOT NULL,
  `nombre` varchar(45) NOT NULL,
  `aporte` varchar(200) DEFAULT NULL,
  `propiedades` varchar(200) DEFAULT NULL,
  `tipo_alimento` int(11) NOT NULL
) ENGINE=InnoDB DEFAULT CHARSET=utf8;

--
-- Volcado de datos para la tabla `alimento`
--

INSERT INTO `alimento` (`idAlimento`, `nombre`, `aporte`, `propiedades`, `tipo_alimento`) VALUES
(4, 'Arroz integral', 'Aporte del alimento', 'Propiedades del alimento', 29),
(10, 'Chuchoca', 'Aporte del alimento', 'Propiedades del alimento', 29),
(12, 'Fideos integrales', 'Aporte del alimento', 'Propiedades del alimento', 17),
(13, 'Quinoa', 'Aporte del alimento', 'Propiedades del alimento', 60),
(14, 'Semola', 'Aporte del alimento', 'Propiedades del alimento', 38),
(15, 'Tapioca', 'Aporte del alimento', 'Propiedades del alimento', 29),
(16, 'Acelga', 'Aporte del alimento', 'Propiedades del alimento', 5),
(17, 'Alcachofa', 'Aporte del alimento', 'Propiedades del alimento', 5),
(18, 'Betarraga', 'Aporte del alimento', 'Propiedades del alimento', 5),
(19, 'Berengena', 'Aporte del alimento', 'Propiedades del alimento', 5),
(20, 'Berro', 'Aporte del alimento', 'Propiedades del alimento', 5),
(21, 'Coliflor', 'Aporte del alimento', 'Propiedades del alimento', 5),
(22, 'Esparrago', 'Aporte del alimento', 'Propiedades del alimento', 5),
(23, 'Espinaca', 'Aporte del alimento', 'Propiedades del alimento', 5),
(24, 'Pepinillos', 'Aporte del alimento', 'Propiedades del alimento', 6),
(25, 'Poroto verde', 'Aporte del alimento', 'Propiedades del alimento', 5),
(26, 'Zanahoria', 'Aporte del alimento', 'Propiedades del alimento', 5),
(27, 'Zapallo italiano', 'Aporte del alimento', 'Propiedades del alimento', 5),
(28, 'Zapallo', 'Aporte del alimento', 'Propiedades del alimento', 5),
(29, 'Cebolla', 'Aporte del alimento', 'Propiedades del alimento', 5),
(30, 'Tomate', 'Aporte del alimento', 'Propiedades del alimento', 6),
(31, 'Ajo', 'Aporte del alimento', 'Propiedades del alimento', 55),
(32, 'Apio', 'Aporte del alimento', 'Propiedades del alimento', 5),
(33, 'Cochayuyo', 'Aporte del alimento', 'Propiedades del alimento', 5),
(34, 'Lechuga', 'Aporte del alimento', 'Propiedades del alimento', 5),
(35, 'Penca', 'Aporte del alimento', 'Propiedades del alimento', 5),
(36, 'Pimentón rojo', 'Aporte del alimento', 'Propiedades del alimento', 5),
(37, 'Pimentón verde', 'Aporte del alimento', 'Propiedades del alimento', 5),
(38, 'Ulte', 'Aporte del alimento', 'Propiedades del alimento', 5),
(39, 'Diente de dragón', 'Aporte del alimento', 'Propiedades del alimento', 5),
(40, 'Aceituna', 'Aporte del alimento', 'Propiedades del alimento', 6),
(42, 'Cereza', 'Aporte del alimento', 'Propiedades del alimento', 6),
(43, 'Chirimoya', 'Aporte del alimento', 'Propiedades del alimento', 6),
(44, 'Ciruelas', 'Aporte del alimento', 'Propiedades del alimento', 6),
(45, 'Damasco', 'Aporte del alimento', 'Propiedades del alimento', 6),
(46, 'Durazno', 'Aporte del alimento', 'Propiedades del alimento', 6),
(47, 'Duraznos en conserva', 'Aporte del alimento', 'Propiedades del alimento', 6),
(48, 'Frambuesa', 'Aporte del alimento', 'Propiedades del alimento', 6),
(49, 'Frutilla', 'Aporte del alimento', 'Propiedades del alimento', 6),
(50, 'Higos', 'Aporte del alimento', 'Propiedades del alimento', 6),
(51, 'Limón', 'Aporte del alimento', 'Propiedades del alimento', 6),
(52, 'Lúcuma', 'Aporte del alimento', 'Propiedades del alimento', 6),
(53, 'Manzana', 'Aporte del alimento', 'Propiedades del alimento', 6),
(54, 'Melón', 'Aporte del alimento', 'Propiedades del alimento', 6),
(55, 'Membrillo', 'Aporte del alimento', 'Propiedades del alimento', 6),
(56, 'Mora', 'Aporte del alimento', 'Propiedades del alimento', 6),
(57, 'Naranja', 'Aporte del alimento', 'Propiedades del alimento', 6),
(58, 'Níspero', 'Aporte del alimento', 'Propiedades del alimento', 6),
(59, 'Palta', 'Aporte del alimento', 'Propiedades del alimento', 6),
(60, 'Papaya', 'Aporte del alimento', 'Propiedades del alimento', 6),
(61, 'Pepino dulce', 'Aporte del alimento', 'Propiedades del alimento', 6),
(62, 'Pera', 'Aporte del alimento', 'Propiedades del alimento', 6),
(63, 'Piña', 'Aporte del alimento', 'Propiedades del alimento', 6),
(64, 'plátano', 'Aporte del alimento', 'Propiedades del alimento', 6),
(65, 'Sandía', 'Aporte del alimento', 'Propiedades del alimento', 6),
(66, 'Tuna', 'Aporte del alimento', 'Propiedades del alimento', 6),
(67, 'Leche cruda de vaca', 'Aporte del alimento', 'Propiedades del alimento', 24),
(68, 'Leche pasteurizada', 'Aporte del alimento', 'Propiedades del alimento', 30),
(69, 'Leche en polvo', 'Aporte del alimento', 'Propiedades del alimento', 24),
(70, 'Leche evaporada', 'Aporte del alimento', 'Propiedades del alimento', 24),
(71, 'Leche de burra', 'Aporte del alimento', 'Propiedades del alimento', 24),
(72, 'Leche sin lactosa', 'Aporte del alimento', 'Propiedades del alimento', 30),
(73, 'Yogurt descremado', 'Aporte del alimento', 'Propiedades del alimento', 30),
(74, 'Yogurt batido', 'Aporte del alimento', 'Propiedades del alimento', 24),
(75, 'Guachalomo', 'Aporte del alimento', 'Propiedades del alimento', 20),
(76, 'Lomo vetado', 'Aporte del alimento', 'Propiedades del alimento', 20),
(77, 'Asiento picana', 'Aporte del alimento', 'Propiedades del alimento', 20),
(78, 'Plateada', 'Aporte del alimento', 'Propiedades del alimento', 20),
(79, 'Lomo liso', 'Aporte del alimento', 'Propiedades del alimento', 20),
(80, 'Filete', 'Aporte del alimento', 'Propiedades del alimento', 20),
(81, 'Posta negra', 'Aporte del alimento', 'Propiedades del alimento', 20),
(82, 'Pollo ganso', 'Aporte del alimento', 'Propiedades del alimento', 20),
(83, 'Posta rosada', 'Aporte del alimento', 'Propiedades del alimento', 20),
(84, 'Pulpa', 'Aporte del alimento', 'Propiedades del alimento', 20),
(85, 'Pechuga de pollo', 'Aporte del alimento', 'Propiedades del alimento', 9),
(86, 'muslo de pollo', 'Aporte del alimento', 'Propiedades del alimento', 9),
(87, 'ala de pollo', 'Aporte del alimento', 'Propiedades del alimento', 9),
(88, 'uvas', 'Aporte del alimento', 'Propiedades del alimento', 6),
(89, 'Higos secos', 'Aporte del alimento', 'Propiedades del alimento', 36),
(90, 'Pasas', 'Aporte del alimento', 'Propiedades del alimento', 6),
(91, 'Huesillo', 'Aporte del alimento', 'Propiedades del alimento', 36),
(92, 'Jugo de limón', 'Aporte del alimento', 'Propiedades del alimento', 12),
(93, 'Jugo de naranja', 'Aporte del alimento', 'Propiedades del alimento', 12),
(94, 'Jugo de pomelo', 'Aporte del alimento', 'Propiedades del alimento', 12),
(95, 'Jugo de tomate', 'Aporte del alimento', 'Propiedades del alimento', 12),
(96, 'Queso mantecoso', 'Aporte del alimento', 'Propiedades del alimento', 24),
(97, 'Queso chedar', 'Aporte del alimento', 'Propiedades del alimento', 24),
(98, 'Queso de cabra', 'Aporte del alimento', 'Propiedades del alimento', 8),
(99, 'Queso holandes', 'Aporte del alimento', 'Propiedades del alimento', 24),
(100, 'Queso parmesano', 'Aporte del alimento', 'Propiedades del alimento', 24),
(101, 'Queso suizo', 'Aporte del alimento', 'Propiedades del alimento', 24),
(102, 'Queso crema', 'Aporte del alimento', 'Propiedades del alimento', 24),
(103, 'Tofu', 'Aporte del alimento', 'Propiedades del alimento', 24),
(104, 'Mousse vainilla', 'Aporte del alimento', 'Propiedades del alimento', 38),
(105, 'Semola con leche', 'Aporte del alimento', 'Propiedades del alimento', 38),
(106, 'Flan', 'Aporte del alimento', 'Propiedades del alimento', 38),
(107, 'Arroz con leche', 'Aporte del alimento', 'Propiedades del alimento', 38),
(108, 'Leche asada', 'Aporte del alimento', 'Propiedades del alimento', 38),
(109, 'Leche nevada', 'Aporte del alimento', 'Propiedades del alimento', 24),
(110, 'Jamón', 'Aporte del alimento', 'Propiedades del alimento', 26),
(112, 'Salame', 'Aporte del alimento', 'Propiedades del alimento', 26),
(113, 'Mortadela', 'Aporte del alimento', 'Propiedades del alimento', 26),
(114, 'Vienesa', 'Aporte del alimento', 'Propiedades del alimento', 26),
(115, 'Jamón pavo', 'Aporte del alimento', 'Propiedades del alimento', 9),
(116, 'Trucha', 'Aporte del alimento', 'Propiedades del alimento', 14),
(117, 'Atun enlatado en aceite', 'Aporte del alimento', 'Propiedades del alimento', 14),
(118, 'Jurel enlatado en aceite', 'Aporte del alimento', 'Propiedades del alimento', 26),
(119, 'Atun enlatado en agua', 'Aporte del alimento', 'Propiedades del alimento', 14),
(120, 'Sardina enlatado en aceite', 'Aporte del alimento', 'Propiedades del alimento', 26),
(121, 'Sierra', 'Aporte del alimento', 'Propiedades del alimento', 14),
(122, 'Corvina', 'Aporte del alimento', 'Propiedades del alimento', 14),
(123, 'Salmón crudo', 'Aporte del alimento', 'Propiedades del alimento', 14),
(124, 'Jurel', 'Aporte del alimento', 'Propiedades del alimento', 14),
(125, 'Lenguado', 'Aporte del alimento', 'Propiedades del alimento', 14),
(126, 'Pejerrey', 'Aporte del alimento', 'Propiedades del alimento', 14),
(127, 'Reineta', 'Aporte del alimento', 'Propiedades del alimento', 14),
(128, 'Cholga', 'Aporte del alimento', 'Propiedades del alimento', 14),
(129, 'Choritos', 'Aporte del alimento', 'Propiedades del alimento', 25),
(130, 'Ostra', 'Aporte del alimento', 'Propiedades del alimento', 25),
(131, 'Almejas', 'Aporte del alimento', 'Propiedades del alimento', 25),
(132, 'Loco', 'Aporte del alimento', 'Propiedades del alimento', 25),
(133, 'Macha', 'Aporte del alimento', 'Propiedades del alimento', 25),
(134, 'Huevo(gallina feliz)', 'Aporte del alimento', 'Propiedades del alimento', 18),
(135, 'Albahaca', 'Aporte del alimento', 'Propiedades del alimento', 55),
(136, 'Cilantro', 'Aporte del alimento', 'Propiedades del alimento', 55),
(137, 'Mostaza', 'Aporte del alimento', 'Propiedades del alimento', 55),
(138, 'Salsa soja', 'Aporte del alimento', 'Propiedades del alimento', 55),
(139, 'Sal', 'Aporte del alimento', 'Propiedades del alimento', 55),
(140, 'Vinagre', 'Aporte del alimento', 'Propiedades del alimento', 55),
(141, 'Oregano', 'Aporte del alimento', 'Propiedades del alimento', 55),
(142, 'Te negro', 'Aporte del alimento', 'Propiedades del alimento', 32),
(143, 'Té verde', 'Aporte del alimento', 'Propiedades del alimento', 32),
(144, 'Café', 'Aporte del alimento', 'Propiedades del alimento', 28),
(145, 'Agua', 'Aporte del alimento', 'Propiedades del alimento', 54),
(150, 'Leche de cabra', 'Aporte del alimento', 'Propiedades del alimento', 8),
(151, 'Avena', 'Aporte del alimento', 'Propiedades del alimento', 29),
(152, 'Pan centeno', 'Aporte del alimento', 'Propiedades del alimento', 29),
(153, 'Champiñones', 'Aporte del alimento', 'Propiedades del alimento', 5),
(154, 'Chia', 'Aporte del alimento', 'Propiedades del alimento', 33),
(155, 'linaza', 'Aporte del alimento', 'Propiedades del alimento', 33),
(156, 'Granola', 'Aporte del alimento', 'Propiedades del alimento', 33),
(157, 'Almendras', 'Aporte del alimento', 'Propiedades del alimento', 41),
(158, 'Nueces', 'Aporte del alimento', 'Propiedades del alimento', 41),
(159, 'Maní', 'Aporte del alimento', 'Propiedades del alimento', 41),
(160, 'huevo', 'Aporte del alimento', 'Propiedades del alimento', 58),
(161, 'Leche de almendra', 'Aporte del alimento', 'Propiedades del alimento', 59),
(162, 'Frutas berries', 'Aporte del alimento', 'Propiedades del alimento', 6),
(163, 'Mango', 'Aporte del alimento', 'Propiedades del alimento', 6),
(164, 'Aceite de oliva', 'Aporte del alimento', 'Propiedades del alimento', 10),
(165, 'Miel', 'Aporte del alimento', 'Propiedades del alimento', 31),
(166, 'Yogurt de soya', 'Aporte del alimento', 'Propiedades del alimento', 59),
(167, 'Pan sin gluten', 'Aporte del alimento', 'Propiedades del alimento', 60),
(169, 'Arandanos', 'Aporte del alimento', 'Propiedades del alimento', 6),
(170, 'Pavo', 'Aporte del alimento', 'Propiedades del alimento', 9),
(171, 'Zapallo camote', 'Aporte del alimento', 'Propiedades del alimento', 5),
(172, 'Papa', 'Aporte del alimento', 'Propiedades del alimento', 35),
(173, 'Brocoli', 'Aporte del alimento', 'Propiedades del alimento', 5),
(174, 'Arvejas', 'Aporte del alimento', 'Propiedades del alimento', 16),
(175, 'Lentejas', 'Aporte del alimento', 'Propiedades del alimento', 16),
(176, 'Porotos', 'Aporte del alimento', 'Propiedades del alimento', 16),
(177, 'garbanzos', 'Aporte del alimento', 'Propiedades del alimento', 16),
(178, 'Porotos negros', 'Aporte del alimento', 'Propiedades del alimento', 16),
(179, 'Cus cus', 'Aporte del alimento', 'Propiedades del alimento', 29),
(180, 'Harina integral', 'Aporte del alimento', 'Propiedades del alimento', 29),
(184, 'Coco rallado', 'Aporte del alimento', '', 34),
(185, 'rúcula', 'Aporte del alimento', 'Propiedades del alimento', 5),
(186, 'Sésamo', 'Aporte del alimento', 'Propiedades del alimento', 33),
(187, 'Harina de maiz', 'Aporte del alimento', 'Propiedades del alimento', 60),
(188, 'Atún', 'Aporte del alimento', 'Propiedades del alimento', 14),
(189, 'Palmitos', 'Aporte del alimento', 'Propiedades del alimento', 5),
(190, 'alimento nuevo', 'aporte nutricional', 'propiedades', 60),
(191, '', 'aporte nutricional', 'propiedades', 9),
(192, 'Leche de coco', '83kcal', 'propiedades', 59),
(195, 'kimbombo', '300', 'rico en fibra', 5);

-- --------------------------------------------------------

--
-- Estructura de tabla para la tabla `alimento_paciente`
--

CREATE TABLE `alimento_paciente` (
  `idalimento_paciente` int(11) NOT NULL,
  `alimento_idalimento` int(11) NOT NULL,
  `paciente_rut` varchar(10) NOT NULL
) ENGINE=InnoDB DEFAULT CHARSET=utf8;

--
-- Volcado de datos para la tabla `alimento_paciente`
--

INSERT INTO `alimento_paciente` (`idalimento_paciente`, `alimento_idalimento`, `paciente_rut`) VALUES
(7, 114, '14135652-6'),
(8, 106, '14135652-6'),
(9, 131, '6767788-9'),
(10, 152, '9645339-6'),
(11, 160, '9645339-6'),
(12, 144, '9645339-6');

-- --------------------------------------------------------

--
-- Estructura de tabla para la tabla `evaluacion_nutricional`
--

CREATE TABLE `evaluacion_nutricional` (
  `idevaluacion_nutricional` int(11) NOT NULL,
  `fecha` date DEFAULT NULL,
  `peso_paciente` float DEFAULT NULL,
  `talla_paciente` float DEFAULT NULL,
  `imc_paciente` float DEFAULT NULL,
  `humero_paciente` float DEFAULT NULL,
  `femur_paciente` float DEFAULT NULL,
  `brazo_relajado_paciente` float DEFAULT NULL,
  `brazo_contraido_paciente` float DEFAULT NULL,
  `cintura_min_paciente` float DEFAULT NULL,
  `cadera_max_paciente` float DEFAULT NULL,
  `muslo_medio_paciente` float DEFAULT NULL,
  `pantorrilla_paciente` float DEFAULT NULL,
  `tricipital_paciente` float DEFAULT NULL,
  `subescapular_paciente` float DEFAULT NULL,
  `bicipital_paciente` float DEFAULT NULL,
  `supracrestideo_paciente` float DEFAULT NULL,
  `supraespinal_paciente` float DEFAULT NULL,
  `abdominal_paciente` float DEFAULT NULL,
  `muslo_paciente` float DEFAULT NULL,
  `pantorrilla2_paciente` float DEFAULT NULL,
  `cuatro_pliegues_paciente` float DEFAULT NULL,
  `grasa_durnin_paciente` float DEFAULT NULL,
  `masa_adiposa_paciente` float DEFAULT NULL,
  `masa_sin_grasa_paciente` float DEFAULT NULL,
  `masa_muscular_paciente` float DEFAULT NULL,
  `seis_pliegues_paciente` float DEFAULT NULL,
  `estado` enum('enflaquecido','promedio','sobrepeso','obeso','adecuado') NOT NULL,
  `Paciente_rut` varchar(45) NOT NULL
) ENGINE=InnoDB DEFAULT CHARSET=utf8;

--
-- Volcado de datos para la tabla `evaluacion_nutricional`
--

INSERT INTO `evaluacion_nutricional` (`idevaluacion_nutricional`, `fecha`, `peso_paciente`, `talla_paciente`, `imc_paciente`, `humero_paciente`, `femur_paciente`, `brazo_relajado_paciente`, `brazo_contraido_paciente`, `cintura_min_paciente`, `cadera_max_paciente`, `muslo_medio_paciente`, `pantorrilla_paciente`, `tricipital_paciente`, `subescapular_paciente`, `bicipital_paciente`, `supracrestideo_paciente`, `supraespinal_paciente`, `abdominal_paciente`, `muslo_paciente`, `pantorrilla2_paciente`, `cuatro_pliegues_paciente`, `grasa_durnin_paciente`, `masa_adiposa_paciente`, `masa_sin_grasa_paciente`, `masa_muscular_paciente`, `seis_pliegues_paciente`, `estado`, `Paciente_rut`) VALUES
(46, '2019-06-24', 50, 1.79, 15.61, 0, 0, 0, 0, 12, 0, 0, 0, 0, 0, 0, 0, 0, 0, 0, 0, 0, 30, 15, 35, 14, 0, 'enflaquecido', '14135652-6'),
(55, '2019-06-25', 110, 1.75, 35.92, 0, 0, 0, 0, 10, 0, 0, 0, 0, 0, 0, 0, 0, 0, 0, 0, 0, 15, 16.5, 93.5, 37.4, 0, 'enflaquecido', '16198385-3'),
(56, '2019-06-27', 40, 1.75, 13.06, 0, 0, 0, 0, 30, 0, 0, 0, 0, 0, 0, 0, 0, 0, 0, 0, 0, 17, 6.8, 33.2, 13.28, 0, 'enflaquecido', '16198385-3'),
(57, '2019-06-25', 50, 1.75, 16.33, 0, 0, 0, 0, 10, 0, 0, 0, 0, 0, 0, 0, 0, 0, 0, 0, 0, 30, 15, 35, 14, 0, 'enflaquecido', '16198385-3'),
(58, '2019-06-28', 50, 1.6, 19.53, NULL, NULL, 0, 0, 49, 0, 0, 0, 0, 0, 0, 0, 0, 0, 0, 0, 0, 30, 15, 35, 14, 0, 'obeso', '10-8'),
(59, '2019-06-26', 100, 0, 0, 0, 0, 0, 0, 30, 0, 0, 0, 0, 0, 0, 0, 0, 0, 0, 0, 0, 20, 20, 80, 32, 0, 'enflaquecido', '11111111-1'),
(60, '2019-06-27', 30, 0, 0, 0, 0, 0, 0, 56, 0, 0, 0, 0, 0, 0, 0, 0, 0, 0, 0, 0, 1000, 300, -270, -108, 0, '', '11111111-1'),
(63, '2019-06-27', 65, 1.7, 22.49, 0, 0, 0, 0, 30, 0, 0, 0, 0, 0, 0, 0, 0, 0, 0, 0, 0, 20, 13, 52, 20.8, 0, 'enflaquecido', '18840079-5'),
(64, '2019-07-01', 0, 0, 0, 0, 0, 0, 0, 0, 0, 0, 0, 0, 0, 0, 0, 0, 0, 0, 0, 0, 17, 0, 0, 0, 0, 'enflaquecido', '18785241-2'),
(65, '2019-07-01', 0, 0, 0, 0, 0, 0, 0, 0, 0, 0, 0, 0, 0, 0, 0, 0, 0, 0, 0, 0, 15, 0, 0, 0, 0, 'enflaquecido', '18785241-2'),
(66, '2019-07-01', 0, 0, 0, 0, 0, 0, 0, 0, 0, 0, 0, 0, 0, 0, 0, 0, 0, 0, 0, 0, 17, 0, 0, 0, 0, 'enflaquecido', '18785241-2'),
(67, '2019-07-01', 0, 0, 0, 0, 0, 0, 0, 0, 0, 0, 0, 0, 0, 0, 0, 0, 0, 0, 0, 0, 30, 0, 0, 0, 0, 'enflaquecido', '18785241-2'),
(68, '2019-07-01', 0, 0, 0, 0, 0, 0, 0, 0, 0, 0, 0, 0, 0, 0, 0, 0, 0, 0, 0, 0, 17, 0, 0, 0, 0, 'enflaquecido', '18785241-2'),
(69, '2019-07-01', 70, 1.75, 22.86, NULL, NULL, 0, 0, 53, 0, 0, 0, 0, 0, 0, 0, 0, 0, 0, 0, 0, 17, 11.9, 59, 23.6, 0, 'adecuado', '10-8'),
(70, '2019-07-01', 70, 1.75, 22.86, NULL, NULL, 0, 0, 40, 0, 0, 0, 0, 0, 0, 0, 0, 0, 0, 0, 0, 20, 14, 56, 22.4, 0, 'promedio', '10-8'),
(71, '2019-07-01', 70, 1.75, 22.86, 0, 0, 0, 0, 60, 0, 0, 0, 0, 0, 0, 0, 0, 0, 0, 0, 0, 50, 35, 35, 14, 0, 'enflaquecido', '10-8'),
(73, '2019-07-01', 65, 1.65, 23.88, NULL, NULL, 0, 0, 43, 0, 0, 0, 0, 0, 0, 0, 0, 0, 0, 0, 0, 13, 8.5, 57, 22.8, 0, 'adecuado', '10-8'),
(74, '2019-07-01', 60, 1.65, 22.04, NULL, NULL, 0, 0, 30, 0, 0, 0, 0, 0, 0, 0, 0, 0, 0, 0, 0, 9, 5.4, 55, 22, 0, 'enflaquecido', '10-8'),
(75, '2019-07-01', 65, 1.6, 25.39, NULL, NULL, 0, 0, 44, 0, 0, 0, 0, 0, 0, 0, 0, 0, 0, 0, 0, 32, 20.8, 45, 18, 0, 'obeso', '10-8'),
(76, '2019-07-01', 0, 0, 0, 0, 0, 0, 0, 0, 0, 0, 0, 0, 0, 0, 0, 0, 0, 0, 0, 0, 15, 0, 0, 0, 0, 'enflaquecido', '18785241-2'),
(77, '2019-07-01', 0, 0, 0, 0, 0, 0, 0, 0, 0, 0, 0, 0, 0, 0, 0, 0, 0, 0, 0, 0, 18, 0, 0, 0, 0, 'enflaquecido', '18785241-2'),
(78, '2019-07-01', 0, 0, 0, 0, 0, 0, 0, 0, 0, 0, 0, 0, 0, 0, 0, 0, 0, 0, 0, 0, 20, 0, 0, 0, 0, 'enflaquecido', '18785241-2'),
(79, '2019-07-01', 0, 0, 0, 0, 0, 0, 0, 0, 0, 0, 0, 0, 0, 0, 0, 0, 0, 0, 0, 0, 25, 0, 0, 0, 0, 'enflaquecido', '18785241-2'),
(80, '2019-07-01', 0, 0, 0, 0, 0, 0, 0, 0, 0, 0, 0, 0, 0, 0, 0, 0, 0, 0, 0, 0, 30, 0, 0, 0, 0, 'enflaquecido', '18785241-2'),
(81, '2019-07-01', 0, 0, 0, 0, 0, 0, 0, 0, 0, 0, 0, 0, 0, 0, 0, 0, 0, 0, 0, 0, 15, 0, 0, 0, 0, 'enflaquecido', '18785241-2'),
(89, '2019-07-02', 75, 1.75, 24.49, 0, 0, 0, 0, 43, 0, 0, 0, 0, 0, 0, 0, 0, 0, 0, 0, 0, 30, 22.5, 53, 21.2, 0, 'enflaquecido', '10-8'),
(90, '2019-07-02', 74, 1.75, 24.16, 0, 0, 0, 0, 30, 0, 0, 0, 0, 0, 0, 0, 0, 0, 0, 0, 0, 39, 28.9, 46, 18.4, 0, 'enflaquecido', '18568652-3'),
(91, '2019-07-03', 75, 1.75, 24.49, 0, 0, 0, 0, 30, 0, 0, 0, 0, 0, 0, 0, 0, 0, 0, 0, 0, 40, 30, 45, 18, 0, '', '11111111-1'),
(92, '2019-07-16', 100, 1.65, 36.73, 0, 0, 0, 0, 30, 0, 0, 0, 0, 0, 0, 0, 0, 0, 0, 0, 0, 25, 25, 75, 30, 0, 'promedio', '16198385-3'),
(97, '2019-07-15', 50, 1.5, 22.22, NULL, NULL, 0, 0, 45, 0, 0, 0, 0, 0, 0, 0, 0, 0, 0, 0, 0, 50, 25, 25, 10, 0, 'obeso', '10-8'),
(98, '2019-07-16', 78, 1.83, 23.29, NULL, NULL, 76267, 76372, 736, 763, 76, 34, 234, 34, 3, 324, 34, 34, 3, 234, 595, 17, 13.3, 65, 26, 900, 'enflaquecido', '17738967-6'),
(99, '2019-07-16', 87, 87, 0.01, 0, 0, 0, 0, 87, 0, 0, 0, 0, 0, 0, 0, 0, 0, 0, 0, 0, 9, 7.8, 80, 32, 0, 'enflaquecido', '17738967-6'),
(102, '2019-07-18', 80, 1.76, 25.83, NULL, NULL, 0, 0, 31, 0, 0, 0, 0, 0, 0, 0, 0, 0, 0, 0, 0, 20, 16, 64, 25.6, 0, 'promedio', '11181029-k'),
(103, '2019-07-18', 81, 1.76, 26.15, NULL, NULL, 0, 0, 28, 0, 0, 0, 0, 0, 0, 0, 0, 0, 0, 0, 0, 9, 7.3, 74, 29.6, 0, 'enflaquecido', '11181029-k'),
(105, '2019-07-19', 75, 1.75, 24.49, NULL, NULL, 20, 25, 80, 100, 90, 60, 13, 30, 12, 48, 18, 25, 12, 15, 103, 9, 6.8, 69, 27.6, 173, 'enflaquecido', '9723384-5'),
(107, '2019-07-21', 60, 1.67, 21.51, NULL, NULL, 20, 25, 80, 100, 90, 60, 13, 30, 12, 48, 18, 25, 12, 15, 103, 18, 10.8, 50, 20, 173, 'adecuado', '14135652-6'),
(108, '2019-07-21', 75, 1.75, 24.49, NULL, NULL, 21, 26, 83, 102, 95, 63, 15, 32, 11, 50, 20, 25, 14, 16, 108, 18, 13.5, 62, 24.8, 183, 'promedio', '10-8'),
(110, '2019-07-22', 60, 1.56, 24.65, NULL, NULL, 20, 25, 80, 100, 90, 60, 13, 30, 12, 48, 18, 25, 12, 15, 103, 18, 10.8, 50, 20, 173, 'adecuado', '14135652-6'),
(111, '2019-07-22', 60, 1.56, 24.65, NULL, NULL, 20, 25, 80, 100, 90, 60, 13, 30, 12, 48, 18, 25, 12, 15, 103, 18, 10.8, 50, 20, 173, 'adecuado', '14135652-6'),
(112, '2019-07-22', 60, 1.6, 0, 0, 0, 20, 25, 80, 100, 90, 60, 13, 30, 12, 48, 18, 25, 12, 15, 103, 18, 10.8, 50, 20, 173, 'adecuado', '14135652-6'),
(114, '2019-08-23', 65, 1.6, 25.39, NULL, NULL, 0, 0, 50, 0, 0, 0, 0, 0, 0, 0, 0, 0, 0, 0, 0, 25, 16.3, 49, 19.6, 0, 'sobrepeso', '17763279-1'),
(116, '2019-09-26', 13, 1.2, 9.03, NULL, NULL, 0, 0, 0, 0, 0, 0, 0, 0, 0, 0, 0, 0, 0, 0, 0, 12, 1.6, 12, 4.8, 0, 'promedio', '11210790-8'),
(117, '2019-09-27', 50, 1.7, 17.3, NULL, NULL, 67, 76, 76, 76, 76, 76, 87, 87, 87, 87, 87, 87, 87, 87, 348, 20, 10, 40, 16, 696, 'adecuado', '6767788-9'),
(119, '2019-09-29', 75, 1.6, 29.3, NULL, NULL, 0, 0, 90, 0, 0, 0, 0, 0, 0, 0, 0, 0, 0, 0, 0, 41, 30.7, 45, 18, 0, 'sobrepeso', '9645339-6');

-- --------------------------------------------------------

--
-- Estructura de tabla para la tabla `ficha_clinica`
--

CREATE TABLE `ficha_clinica` (
  `id` int(11) NOT NULL,
  `fecha` date NOT NULL,
  `informacion` text NOT NULL,
  `rut` varchar(10) NOT NULL
) ENGINE=InnoDB DEFAULT CHARSET=utf8;

--
-- Volcado de datos para la tabla `ficha_clinica`
--

INSERT INTO `ficha_clinica` (`id`, `fecha`, `informacion`, `rut`) VALUES
(8, '2019-06-25', 'primera ficha clínica de prueba para este paciente\r\n', '16198385-3'),
(14, '2019-06-27', 'segunda ficha clínica del paciente\r\n', '16198385-3'),
(15, '2019-06-27', 'jsdmssf ', '18840079-5'),
(16, '2019-07-02', 'neildlkasjkl aslakljaskjdkj ioadsc', '18568652-3'),
(17, '2019-07-11', 'testii', '10-8'),
(18, '2019-07-16', 'ela asdjlkl,mvsvñsdm sj dgfjfgsd,sfvsd', '17738967-6'),
(19, '2019-07-18', 'nuevo ingreso paciente', '11181029-k'),
(20, '2019-07-18', 'nueva ficha de paciente juan perez', '11181029-k'),
(21, '2019-07-19', 'Sesion NTA: paciente que viene por bajar de peso ', '9723384-5'),
(22, '2019-07-19', 'Conejo con obesidad ', '22178244-5'),
(30, '2019-08-23', 'nueva ficha\r\n', '17763279-1'),
(32, '2019-09-08', '', '14135652-6'),
(33, '2019-09-11', 'primera ficha', '6767788-9'),
(35, '2019-09-29', 'paciente receptivo con HTA y DLP.', '9645339-6');

-- --------------------------------------------------------

--
-- Estructura de tabla para la tabla `hechos_bc_permitido`
--

CREATE TABLE `hechos_bc_permitido` (
  `idhechos` int(11) NOT NULL,
  `id_tipo_alimento` int(11) NOT NULL,
  `id_patologia` int(11) NOT NULL
) ENGINE=InnoDB DEFAULT CHARSET=utf8 ROW_FORMAT=COMPACT;

--
-- Volcado de datos para la tabla `hechos_bc_permitido`
--

INSERT INTO `hechos_bc_permitido` (`idhechos`, `id_tipo_alimento`, `id_patologia`) VALUES
(1, 29, 1),
(2, 9, 1),
(3, 16, 1),
(4, 30, 1),
(5, 31, 1),
(6, 32, 1),
(7, 5, 1),
(8, 6, 1),
(9, 41, 1),
(10, 33, 1),
(11, 34, 1),
(12, 18, 1),
(13, 35, 1),
(14, 36, 1),
(15, 5, 2),
(16, 29, 2),
(17, 9, 2),
(18, 30, 2),
(19, 16, 2),
(20, 31, 2),
(21, 32, 2),
(22, 6, 2),
(23, 41, 2),
(24, 33, 2),
(25, 34, 2),
(26, 18, 2),
(31, 35, 2),
(32, 5, 3),
(33, 29, 3),
(34, 9, 3),
(35, 6, 3),
(36, 16, 3),
(37, 30, 3),
(38, 31, 3),
(39, 32, 3),
(40, 41, 3),
(41, 33, 3),
(42, 34, 3),
(43, 18, 3),
(44, 35, 3),
(45, 44, 3),
(46, 5, 4),
(47, 29, 4),
(48, 9, 4),
(49, 6, 4),
(50, 16, 4),
(51, 30, 4),
(52, 31, 4),
(53, 32, 4),
(54, 41, 4),
(55, 33, 4),
(56, 34, 4),
(57, 18, 4),
(58, 35, 4),
(59, 29, 5),
(60, 5, 5),
(61, 29, 6),
(62, 5, 6),
(63, 47, 5),
(64, 9, 5),
(65, 47, 6),
(66, 9, 6),
(67, 6, 5),
(68, 16, 5),
(69, 6, 6),
(70, 16, 6),
(71, 30, 5),
(72, 31, 5),
(73, 30, 6),
(74, 31, 6),
(75, 32, 5),
(77, 32, 6),
(78, 41, 6),
(79, 41, 5),
(80, 33, 5),
(82, 33, 6),
(83, 34, 5),
(84, 18, 5),
(85, 34, 6),
(86, 18, 6),
(87, 35, 5),
(88, 36, 5),
(89, 35, 6),
(90, 36, 6),
(91, 5, 7),
(92, 29, 7),
(93, 9, 7),
(94, 30, 7),
(95, 16, 7),
(96, 31, 7),
(97, 32, 7),
(98, 6, 7),
(99, 41, 7),
(100, 33, 7),
(101, 34, 7),
(102, 18, 7),
(103, 35, 7),
(104, 9, 9),
(105, 9, 10),
(106, 11, 12),
(107, 9, 13),
(108, 9, 14),
(109, 9, 15),
(110, 9, 16),
(111, 9, 17),
(112, 9, 18),
(113, 5, 10),
(114, 5, 12),
(115, 5, 13),
(116, 5, 14),
(117, 5, 15),
(118, 5, 16),
(119, 5, 17),
(120, 5, 18),
(122, 47, 10),
(123, 47, 12),
(124, 47, 13),
(125, 47, 14),
(126, 47, 15),
(127, 47, 16),
(128, 47, 17),
(129, 47, 18),
(131, 47, 11),
(132, 9, 11),
(133, 5, 11),
(134, 10, 9),
(135, 10, 10),
(136, 10, 11),
(137, 10, 12),
(138, 10, 13),
(139, 10, 14),
(140, 10, 15),
(141, 10, 16),
(142, 10, 17),
(143, 10, 18),
(144, 6, 9),
(145, 6, 10),
(146, 6, 11),
(147, 6, 12),
(148, 6, 13),
(149, 6, 14),
(150, 6, 15),
(151, 6, 16),
(152, 6, 17),
(153, 6, 18),
(154, 11, 9),
(155, 11, 10),
(156, 11, 11),
(157, 11, 12),
(158, 11, 13),
(159, 11, 14),
(160, 11, 15),
(161, 11, 16),
(162, 11, 17),
(163, 11, 18),
(165, 12, 10),
(166, 12, 11),
(167, 12, 12),
(168, 12, 13),
(169, 12, 14),
(170, 12, 15),
(171, 12, 16),
(172, 12, 17),
(173, 12, 18),
(175, 13, 10),
(176, 13, 11),
(177, 13, 12),
(178, 13, 13),
(179, 13, 14),
(180, 13, 15),
(181, 13, 16),
(182, 13, 17),
(183, 13, 18),
(184, 14, 9),
(185, 14, 10),
(186, 14, 11),
(187, 14, 12),
(188, 14, 13),
(189, 14, 14),
(190, 14, 15),
(191, 14, 16),
(192, 14, 17),
(193, 14, 18),
(194, 9, 12),
(195, 18, 9),
(196, 18, 10),
(197, 18, 11),
(198, 18, 12),
(199, 18, 13),
(200, 18, 14),
(201, 18, 14),
(202, 18, 16),
(203, 18, 17),
(204, 18, 18),
(205, 8, 1),
(206, 8, 2),
(207, 8, 5),
(208, 8, 6),
(209, 8, 7),
(210, 8, 8),
(211, 8, 9),
(212, 8, 10),
(213, 8, 11),
(214, 8, 12),
(215, 8, 13),
(216, 8, 14),
(217, 8, 15),
(218, 8, 16),
(219, 8, 17),
(220, 8, 18),
(221, 60, 9),
(222, 60, 10),
(223, 60, 11),
(224, 60, 12),
(225, 60, 13),
(226, 60, 14),
(227, 60, 15),
(228, 60, 16),
(229, 60, 17),
(230, 60, 18),
(231, 15, 9),
(232, 16, 9),
(233, 19, 9),
(234, 17, 9),
(235, 33, 9),
(236, 41, 9),
(237, 59, 9),
(238, 29, 9);

-- --------------------------------------------------------

--
-- Estructura de tabla para la tabla `hechos_bc_restringido`
--

CREATE TABLE `hechos_bc_restringido` (
  `id_hechos_r` int(11) NOT NULL,
  `id_patologia` int(11) NOT NULL,
  `id_tipo_alimento` int(11) NOT NULL
) ENGINE=InnoDB DEFAULT CHARSET=utf8;

--
-- Volcado de datos para la tabla `hechos_bc_restringido`
--

INSERT INTO `hechos_bc_restringido` (`id_hechos_r`, `id_patologia`, `id_tipo_alimento`) VALUES
(1, 9, 24),
(2, 9, 30),
(3, 10, 24),
(4, 10, 30),
(5, 11, 24),
(6, 11, 30),
(7, 12, 24),
(8, 12, 30),
(9, 13, 24),
(10, 13, 30),
(11, 14, 24),
(12, 14, 30),
(13, 15, 24),
(14, 15, 30),
(15, 16, 24),
(16, 16, 30),
(17, 17, 24),
(18, 17, 30),
(19, 18, 24),
(20, 18, 30),
(21, 9, 20),
(22, 9, 48),
(25, 10, 20),
(26, 10, 48),
(27, 11, 20),
(28, 11, 48),
(29, 12, 20),
(30, 12, 48),
(31, 13, 20),
(32, 13, 48),
(33, 14, 20),
(34, 14, 48),
(35, 15, 20),
(36, 15, 48),
(37, 16, 20),
(38, 16, 48),
(39, 17, 20),
(40, 17, 48),
(41, 18, 20),
(42, 18, 48),
(43, 9, 27),
(44, 9, 49),
(45, 10, 27),
(46, 10, 49),
(47, 11, 27),
(48, 11, 49),
(49, 12, 27),
(50, 12, 49),
(51, 13, 27),
(52, 13, 49),
(53, 14, 27),
(54, 14, 49),
(55, 15, 27),
(56, 15, 49),
(57, 16, 27),
(58, 16, 49),
(59, 17, 27),
(60, 17, 49),
(61, 18, 27),
(62, 18, 49),
(64, 9, 50),
(65, 10, 28),
(66, 10, 50),
(67, 11, 28),
(68, 11, 50),
(69, 12, 28),
(70, 12, 50),
(71, 13, 28),
(72, 13, 50),
(73, 14, 28),
(74, 14, 50),
(75, 15, 28),
(76, 15, 50),
(77, 16, 28),
(78, 16, 50),
(79, 17, 28),
(80, 17, 50),
(81, 18, 28),
(82, 18, 50),
(85, 10, 29),
(86, 10, 57),
(87, 11, 29),
(88, 11, 57),
(89, 12, 29),
(90, 12, 57),
(91, 13, 29),
(92, 13, 57),
(93, 14, 29),
(94, 14, 57),
(95, 15, 29),
(96, 15, 57),
(97, 16, 29),
(98, 16, 57),
(99, 17, 29),
(100, 17, 57),
(101, 18, 29),
(102, 18, 57),
(105, 10, 58),
(106, 10, 51),
(107, 11, 58),
(108, 11, 51),
(109, 12, 58),
(110, 12, 51),
(111, 13, 58),
(112, 13, 51),
(113, 14, 58),
(114, 14, 51),
(115, 15, 58),
(116, 15, 51),
(117, 16, 58),
(118, 16, 51),
(119, 17, 58),
(120, 17, 51),
(121, 18, 58),
(122, 18, 51),
(125, 10, 16),
(126, 10, 52),
(127, 11, 16),
(128, 11, 52),
(129, 12, 16),
(130, 12, 52),
(131, 13, 16),
(132, 13, 52),
(133, 14, 16),
(134, 14, 52),
(135, 15, 16),
(136, 15, 52),
(137, 16, 16),
(138, 16, 52),
(139, 17, 16),
(140, 17, 52),
(141, 18, 16),
(142, 18, 52),
(145, 10, 1),
(146, 10, 33),
(147, 11, 1),
(148, 11, 33),
(149, 12, 1),
(150, 12, 33),
(151, 13, 1),
(152, 13, 33),
(153, 14, 1),
(154, 14, 33),
(155, 15, 1),
(156, 15, 33),
(157, 16, 1),
(158, 16, 33),
(159, 17, 1),
(160, 17, 33),
(161, 18, 1),
(162, 18, 33),
(165, 10, 0),
(166, 10, 45),
(167, 11, 0),
(168, 11, 45),
(169, 12, 0),
(170, 12, 45),
(171, 13, 0),
(172, 13, 45),
(173, 14, 0),
(174, 14, 45),
(175, 15, 0),
(176, 15, 45),
(177, 16, 0),
(178, 16, 45),
(179, 17, 0),
(180, 17, 45),
(181, 18, 0),
(182, 18, 45),
(183, 9, 23),
(184, 10, 23),
(185, 11, 23),
(186, 12, 23),
(187, 13, 23),
(188, 14, 23),
(189, 15, 23),
(190, 16, 23),
(191, 17, 23),
(192, 18, 23),
(193, 1, 20),
(194, 1, 21),
(195, 1, 22),
(196, 1, 23),
(197, 1, 24),
(198, 1, 25),
(199, 1, 26),
(200, 1, 27),
(201, 1, 28),
(202, 2, 22),
(203, 2, 23),
(204, 2, 24),
(205, 2, 26),
(206, 2, 27),
(207, 2, 28),
(209, 2, 37),
(210, 2, 38),
(211, 2, 40),
(212, 2, 39),
(213, 3, 20),
(214, 3, 21),
(215, 3, 23),
(216, 3, 24),
(217, 3, 22),
(218, 3, 42),
(219, 3, 26),
(220, 3, 27),
(222, 3, 28),
(223, 3, 37),
(224, 3, 43),
(225, 4, 27),
(226, 4, 28),
(227, 4, 20),
(228, 4, 21),
(229, 4, 22),
(230, 4, 23),
(231, 4, 24),
(232, 4, 25),
(233, 4, 26),
(234, 7, 22),
(235, 7, 23),
(236, 7, 24),
(237, 7, 26),
(238, 7, 27),
(239, 7, 28),
(240, 7, 37),
(241, 7, 38),
(242, 7, 40),
(243, 7, 39),
(244, 5, 20),
(245, 6, 20),
(246, 5, 22),
(247, 6, 22),
(248, 5, 23),
(249, 6, 23),
(250, 5, 28),
(251, 6, 28),
(252, 5, 27),
(253, 6, 27),
(254, 5, 26),
(255, 6, 26),
(256, 5, 25),
(257, 6, 25),
(258, 5, 24),
(259, 6, 24),
(260, 6, 45),
(261, 6, 46),
(264, 3, 8),
(265, 4, 8),
(266, 1, 60),
(267, 2, 60),
(270, 5, 60),
(271, 6, 60),
(272, 7, 60),
(273, 8, 60);

-- --------------------------------------------------------

--
-- Estructura de tabla para la tabla `minutas`
--

CREATE TABLE `minutas` (
  `idMinutas` int(11) NOT NULL,
  `Paciente_rut` varchar(10) NOT NULL,
  `fecha` date NOT NULL
) ENGINE=InnoDB DEFAULT CHARSET=utf8;

--
-- Volcado de datos para la tabla `minutas`
--

INSERT INTO `minutas` (`idMinutas`, `Paciente_rut`, `fecha`) VALUES
(37, '16198385-3', '2019-07-01'),
(39, '16198385-3', '2019-07-01'),
(40, '16198385-3', '2019-07-01'),
(61, '18568652-3', '2019-07-03'),
(69, '16198385-3', '2019-07-04'),
(72, '16198385-3', '2019-07-04'),
(75, '16198385-3', '2019-07-04'),
(76, '16198385-3', '2019-07-04'),
(77, '16198385-3', '2019-07-04'),
(78, '16198385-3', '2019-07-04'),
(79, '16198385-3', '2019-07-04'),
(80, '16198385-3', '2019-07-04'),
(81, '16198385-3', '2019-07-01'),
(82, '16198385-3', '2019-07-04'),
(83, '16198385-3', '2019-07-04'),
(84, '16198385-3', '2019-07-04'),
(85, '16198385-3', '2019-07-04'),
(87, '10-8', '2019-07-04'),
(88, '10-8', '2019-07-04'),
(89, '16198385-3', '2019-07-05'),
(91, '16198385-3', '2019-07-05'),
(92, '16198385-3', '2019-07-05'),
(93, '16198385-3', '2019-07-05'),
(94, '16198385-3', '2019-07-05'),
(95, '16198385-3', '2019-07-06'),
(96, '16198385-3', '2019-07-06'),
(97, '16198385-3', '2019-07-06'),
(98, '16198385-3', '2019-07-06'),
(99, '16198385-3', '2019-07-06'),
(100, '16198385-3', '2019-07-06'),
(101, '16198385-3', '2019-07-08'),
(102, '16198385-3', '2019-07-08'),
(103, '16198385-3', '2019-07-08'),
(104, '16198385-3', '2019-07-09'),
(105, '16198385-3', '2019-07-09'),
(106, '16198385-3', '2019-07-09'),
(107, '16198385-3', '2019-07-10'),
(108, '16198385-3', '2019-07-10'),
(109, '16198385-3', '2019-07-10'),
(110, '16198385-3', '2019-07-10'),
(111, '16198385-3', '2019-07-10'),
(112, '16198385-3', '2019-07-10'),
(113, '16198385-3', '2019-07-10'),
(114, '16198385-3', '2019-07-10'),
(115, '16198385-3', '2019-07-10'),
(116, '18568652-3', '2019-07-10'),
(117, '18568652-3', '2019-07-10'),
(118, '16198385-3', '2019-07-11'),
(119, '16198385-3', '2019-07-11'),
(120, '16198385-3', '2019-07-11'),
(121, '10-8', '2019-07-13'),
(122, '16198385-3', '2019-07-13'),
(123, '16198385-3', '2019-07-13'),
(124, '10-8', '2019-07-13'),
(125, '16198385-3', '2019-07-13'),
(126, '10-8', '2019-07-13'),
(127, '10-8', '2019-07-13'),
(128, '10-8', '2019-07-13'),
(129, '16198385-3', '2019-07-13'),
(130, '10-8', '2019-07-13'),
(131, '10-8', '2019-07-13'),
(132, '10-8', '2019-07-13'),
(133, '16198385-3', '2019-07-13'),
(134, '18568652-3', '2019-07-13'),
(135, '18568652-3', '2019-07-13'),
(136, '16198385-3', '2019-07-13'),
(137, '16198385-3', '2019-07-13'),
(138, '16198385-3', '2019-07-13'),
(139, '16198385-3', '2019-07-13'),
(140, '16198385-3', '2019-07-13'),
(141, '16198385-3', '2019-07-13'),
(142, '16198385-3', '2019-07-13'),
(143, '16198385-3', '2019-07-13'),
(144, '16198385-3', '2019-07-13'),
(145, '17738967-6', '2019-07-16'),
(148, '16198385-3', '2019-07-18'),
(149, '16198385-3', '2019-07-18'),
(150, '16198385-3', '2019-07-18'),
(151, '16198385-3', '2019-07-19'),
(152, '16198385-3', '2019-07-19'),
(153, '16198385-3', '2019-07-19'),
(154, '9723384-5', '2019-07-19'),
(155, '16198385-3', '2019-07-19'),
(156, '16198385-3', '2019-07-19'),
(157, '22178244-5', '2019-07-19'),
(158, '16198385-3', '2019-07-21'),
(159, '16198385-3', '2019-07-21'),
(160, '16198385-3', '2019-07-21'),
(161, '16198385-3', '2019-07-21'),
(162, '16198385-3', '2019-07-21'),
(163, '16198385-3', '2019-07-21'),
(164, '16198385-3', '2019-07-21'),
(165, '16198385-3', '2019-07-21'),
(166, '16198385-3', '2019-07-21'),
(167, '10-8', '2019-07-22'),
(168, '14135652-6', '2019-07-22'),
(169, '14135652-6', '2019-07-22'),
(170, '10-8', '2019-07-22'),
(171, '14135652-6', '2019-07-25'),
(172, '14135652-6', '2019-07-26'),
(174, '14135652-6', '2019-07-29'),
(175, '14135652-6', '2019-07-29'),
(176, '14135652-6', '2019-07-30'),
(177, '14135652-6', '2019-07-30'),
(178, '14135652-6', '2019-07-30'),
(180, '14135652-6', '2019-09-08'),
(181, '14135652-6', '2019-09-21'),
(182, '14135652-6', '2019-09-26'),
(183, '6767788-9', '2019-09-27');

-- --------------------------------------------------------

--
-- Estructura de tabla para la tabla `nutricionista`
--

CREATE TABLE `nutricionista` (
  `rut` varchar(10) NOT NULL,
  `Nombres` varchar(45) NOT NULL,
  `Apellidos` varchar(50) NOT NULL,
  `sexo` char(1) NOT NULL,
  `usuario` varchar(45) NOT NULL,
  `clave` varchar(100) DEFAULT NULL,
  `estado` int(11) NOT NULL
) ENGINE=InnoDB DEFAULT CHARSET=utf8;

--
-- Volcado de datos para la tabla `nutricionista`
--

INSERT INTO `nutricionista` (`rut`, `Nombres`, `Apellidos`, `sexo`, `usuario`, `clave`, `estado`) VALUES
('14135652-6', 'maca', 'rubilar', '2', 'macarubilar', '7c4a8d09ca3762af61e59520943dc26494f8941b', 0),
('16198385-3', 'Dagoberto', 'Rubilar', '1', 'drubilar', '7c4a8d09ca3762af61e59520943dc26494f8941b', 0),
('18781798-6', 'karoll', 'garcia', '2', 'karoll', '7c4a8d09ca3762af61e59520943dc26494f8941b', 0),
('18785241-2', 'Dagoberto', 'Rubilar Donoso', '1', 'drubilard', '7c4a8d09ca3762af61e59520943dc26494f8941b', 0),
('18841801-5', 'katy', 'tegner', '2', '', NULL, 0),
('19960263-2', 'nombre', 'apellido', '1', 'usuario', '601f1889667efaebb33b8c12572835da3f027f78', 0),
('20057133-9', 'test', 'test', '1', 'test3', '601f1889667efaebb33b8c12572835da3f027f78', 0),
('22159436-3', 'test', 'test', '1', 'fhfhfhfhf', '601f1889667efaebb33b8c12572835da3f027f78', 0),
('23270201-k', 'katy', 'tengner', '2', 'katy', '7c4a8d09ca3762af61e59520943dc26494f8941b', 0),
('5668709-2', 'Nuevo', 'Nutricionista', '1', 'nuevo', '601f1889667efaebb33b8c12572835da3f027f78', 0),
('7517410-1', 'test', 'test', '1', 'test', '601f1889667efaebb33b8c12572835da3f027f78', 0),
('7928466-1', 'test', 'test', '1', 'test33', '601f1889667efaebb33b8c12572835da3f027f78', 0),
('8888540-6', 'test', 'test', '1', 'teste', '2736046cffb2931d96448bf4051c402181299b06', 0);

-- --------------------------------------------------------

--
-- Estructura de tabla para la tabla `paciente`
--

CREATE TABLE `paciente` (
  `rut` varchar(10) NOT NULL,
  `nombre` varchar(45) NOT NULL,
  `apellido` varchar(50) NOT NULL,
  `sexo` char(1) NOT NULL,
  `fecha_nacimiento` date DEFAULT NULL,
  `Nutricionista_rut` varchar(10) NOT NULL,
  `correo` varchar(50) DEFAULT NULL,
  `clave` varchar(6) NOT NULL
) ENGINE=InnoDB DEFAULT CHARSET=utf8;

--
-- Volcado de datos para la tabla `paciente`
--

INSERT INTO `paciente` (`rut`, `nombre`, `apellido`, `sexo`, `fecha_nacimiento`, `Nutricionista_rut`, `correo`, `clave`) VALUES
('10-8', 'Bastián', 'López', '1', '1990-06-07', '16198385-3', '\nEJEMPLO@TEST.CL', ''),
('10287317-3', 'Nombre', 'Apellido', '1', '2018-06-14', '16198385-3', 'drubilar@tuxpan.com', '493627'),
('11111111-1', 'Romina', 'Aguirre', '2', '2019-06-06', '16198385-3', '\nEJEMPLO@TEST.CL', '123456'),
('11181029-k', 'Juan', 'Pérez', '2', '1997-06-12', '16198385-3', '\nEJEMPLO@TEST.CL', ''),
('11210790-8', 'Diego', 'perez', '1', '2019-09-18', '16198385-3', 'drubilar@gmail.com', '335990'),
('11437741-4', 'jjhkjh', 'hjkjkh', '1', '2019-08-07', '16198385-3', 'drkasda@sad.com', '609614'),
('11670094-8', 'nuevo', 'test', '1', '1997-01-09', '16198385-3', 'nuevo@test.cl', '625094'),
('12312312-3', 'eqsda', 'qwewqe', '1', '2019-09-11', '16198385-3', 'drubilar@gmail.com', '335653'),
('12811955-8', 'test', 'test', '1', '2033-01-04', '16198385-3', 'test@test.cl', '957627'),
('12858288-6', 'ejemplo', 'edj', '1', '2019-08-07', '16198385-3', 'drubilar@ejemplo.com', '427380'),
('13817054-3', 'juana', 'garcia', '1', '1998-01-27', '16198385-3', 'juan@gmail.com', '962665'),
('14135652-6', 'Alicia', 'López', '2', '1990-06-05', '16198385-3', '\nEJEMPLO@TEST.CL', '123456'),
('14957340-2', 'test', 'test', '1', '2004-01-05', '16198385-3', 'ejemplotest@test.cl', ''),
('15125649-k', 'test', 'test', '1', '2019-08-08', '16198385-3', 'test@test.cl', '426367'),
('15659660-4', 'Daniel', 'López', '1', '1988-06-16', '16198385-3', 'ejemplo@test.cl', ''),
('16198385-3', 'Dagoberto', 'Rubilar', '1', '1981-06-25', '16198385-3', 'drubilard@gmail.com', ''),
('16677916-2', 'jjlkwqkljeqkl', 'jklalkjsdjksa', '1', '2019-10-01', '16198385-3', 'drubilar@congreso.com', '581881'),
('17264668-9', 'testu', 'test', '1', '2019-09-26', '16198385-3', 'drubilar@gmail.com', '807735'),
('1756461-7', 'jjlkwqkljeqkl', 'jklalkjsdjksa', '1', '2019-10-04', '16198385-3', 'drubilar@congreso.com', '925411'),
('17738967-6', 'José', 'Sepulveda', '1', '1991-05-31', '16198385-3', '\nEJEMPLO@TEST.CL', ''),
('17763279-1', 'Arturno', 'gonzales', '1', '1998-06-17', '16198385-3', 'ejemplo@ejemplo.com', '688383'),
('17871383-3', 'jjhkjh', 'hjkjkh', '1', '2019-08-07', '16198385-3', 'drkasda@sad.com', '860581'),
('18217568-4', 'test', 'imagen', '1', '2016-01-05', '16198385-3', 'ejemplo@test.cl', '946837'),
('18568652-3', 'negro', 'vitor', '1', '1991-06-05', '16198385-3', '\nEJEMPLO@TEST.CL', ''),
('18586735-8', 'arturo', 'perez', '1', '1970-07-16', '16198385-3', 'arturo@gmail.com', '607725'),
('18653498-0', 'kajsdh', 'kjhjk', '1', '2005-02-10', '16198385-3', 'drubilard@gmail.com', '738486'),
('18785241-2', 'dago', 'rubilar', '1', '1995-05-12', '18781798-6', '\nEJEMPLO@TEST.CL', ''),
('18840079-5', 'Pedro', 'Jara', '1', '1999-07-29', '16198385-3', '\nEJEMPLO@TEST.CL', ''),
('19399139-4', 'jkkjh', 'jkjkjhk', '1', '2019-07-30', '16198385-3', 'lajsdldak@adsd.cl', '517258'),
('19778941-7', 'qwqw', 'qwqwqw', '1', '2019-09-08', '16198385-3', 'ejemplo@ejemplo.com', '256676'),
('19820262-2', 'weqrwqer', 'qwerqwr', '1', '2002-02-05', '16198385-3', 'juan@gmail.com', '625199'),
('20225266-4', 'Veronica', 'perez', '1', '2002-01-30', '16198385-3', 'drubilar@congreso.com', '839827'),
('20409068-8', 'qsdakjhajk', 'kjshakjdha', '1', '2001-06-12', '16198385-3', 'drubilard@gmail.com', '924977'),
('20717597-8', 'test', 'imagen', '1', '2016-01-05', '16198385-3', 'ejemplo@test.cl', '376923'),
('22178244-5', 'berlin', 'rubilar labrin', '1', '1995-06-21', '18781798-6', NULL, '823270'),
('22714510-2', 'test20', 'test', '1', '2019-02-12', '16198385-3', 'test@test.com', '850864'),
('23415815-5', 'test', 'test', '1', '2019-10-04', '16198385-3', 'ejemplo@ejemplo.com', '730472'),
('23662407-2', 'juan', 'garcia', '1', '1998-01-27', '16198385-3', 'juan@gmail.com', '919823'),
('23830722-8', 'Patricia', 'Pérez', '2', '1999-02-03', '16198385-3', 'test@test.com', '585306'),
('23890335-1', 'test', 'test', '2', '2019-08-08', '16198385-3', 'test@test.cl', '733089'),
('24843782-0', 'Patricia', 'Pérez', '1', '1999-02-03', '16198385-3', 'test@test.com', '667177'),
('34534534-5', 'kjhfkjh', 'kjhfkjhsdfk', '1', '2019-09-11', '16198385-3', 'juan@gmail.com', '630432'),
('5035273-0', 'test', 'test', '1', '2019-08-08', '16198385-3', 'test@test.cl', '305469'),
('5122267-9', 'test', 'test', '1', '2018-05-29', '16198385-3', 'drubiLAR@SHDAK.COM', '373332'),
('5511349-1', 'test', 'imagen', '1', '2016-01-05', '16198385-3', 'ejemplo@test.cl', '887081'),
('6307816-6', 'jeje', 'lkjslaksj', '1', '2019-09-03', '16198385-3', 'drubilar@congreso.com', '752710'),
('6767788-9', 'reauljaskjldjakl', 'sdas', '1', '1974-10-16', '23270201-k', 'ejemplo@test.cl', '774673'),
('8740461-7', 'test', 'imagen', '1', '2016-01-05', '16198385-3', 'ejemplo@test.cl', '508559'),
('9645339-6', 'marlene', 'labrin', '2', '1964-08-16', '18781798-6', 'marlenelabrin@hotmail.com', '858191'),
('9723384-5', 'mauricio', 'labrin', '1', '1966-11-14', '18781798-6', NULL, ''),
('9825583-4', 'luis', 'garcia', '1', '1998-01-27', '16198385-3', 'juan@gmail.com', '458715'),
('9910719-7', 'test', 'test', '1', '2019-08-08', '16198385-3', 'test@test.cl', '428966');

-- --------------------------------------------------------

--
-- Estructura de tabla para la tabla `paciente_patologia`
--

CREATE TABLE `paciente_patologia` (
  `idPaciente_patologia` int(11) NOT NULL,
  `Patologia_idPatologia` int(11) NOT NULL,
  `Paciente_rut` varchar(10) NOT NULL
) ENGINE=InnoDB DEFAULT CHARSET=utf8;

--
-- Volcado de datos para la tabla `paciente_patologia`
--

INSERT INTO `paciente_patologia` (`idPaciente_patologia`, `Patologia_idPatologia`, `Paciente_rut`) VALUES
(30, 2, '11111111-1'),
(31, 11, '11111111-1'),
(81, 5, '18840079-5'),
(82, 6, '18568652-3'),
(93, 9, '17738967-6'),
(94, 9, '11181029-k'),
(99, 12, '9723384-5'),
(100, 3, '9723384-5'),
(101, 9, '22178244-5'),
(102, 4, '22178244-5'),
(103, 14, '16198385-3'),
(158, 9, '10-8'),
(159, 14, '10-8'),
(201, 9, '19399139-4'),
(207, 9, '14135652-6'),
(208, 1, '14135652-6'),
(209, 9, '6767788-9'),
(210, 2, '6767788-9'),
(211, 3, '9645339-6'),
(212, 4, '9645339-6');

-- --------------------------------------------------------

--
-- Estructura de tabla para la tabla `patologia`
--

CREATE TABLE `patologia` (
  `idPatologia` int(11) NOT NULL,
  `nombre` varchar(45) NOT NULL,
  `Grupo_patologico` varchar(45) NOT NULL,
  `consideraciones` text NOT NULL
) ENGINE=InnoDB DEFAULT CHARSET=utf8;

--
-- Volcado de datos para la tabla `patologia`
--

INSERT INTO `patologia` (`idPatologia`, `nombre`, `Grupo_patologico`, `consideraciones`) VALUES
(1, 'Hiperuricemia', 'Enfermedad crónica no transmitible', 'Se debe considerar que en crisis de hiperuricemina:\n- No consumir tomate, ya que es un alimento con alto contenido de purinas\n- Limitar el consumo de legumbres, espinacas, coliflor, espárragos,\nchampiñones\n- Los alimentos con alto contenido de vitamina C, ayudan a eliminar los\ncristales de ácido úrico, como pomelo, naranja, piña, cerezas.\n- Controlar el consumo de salmón y atún (pescados grasos)'),
(2, 'Diabetes 1 o 2', 'Enfermedad crónica no transmitible', '- Considerar conteo de carbohidratos\nEn cuanto a la minuta se debe tener consideración en selección de tubérculos,\nfrutas y verduras dependiendo de la realidad de cada paciente.'),
(3, 'Hipertención arterial', 'Enfermedad crónica no transmitible', ''),
(4, 'Dislipidemia', 'Enfermedad crónica no transmitible', ''),
(5, 'Hipertiroidismo', 'Enfermedad crónica no transmitible', '- Es necesario aumentar el consumo de algunos alimentos que reducen la actividad tiroidea\ny reducir el consumo de alimentos hipertiroidales.\n- Aumenta el consumo de alimentos que secuestran el yodo como las crucíferas, coliflor,\nbrócoli, col, coles de Bruselas y sobre todo el rábano. Por su contenido en ácidos cafeico y\nclorogénico reducen la actividad tiroidea.\n- Frutos secos como castañas y nueces y legumbres como garbanzos y maní, contienen\ntambién ácidos cafeico y clorogénico.\n- Cereales como mijo, trigo y semillas como las semillas de lino y los piñones, que también\nreducen la producción de tiroxina.\n- Ácido cafeico: apio, naranja, limón, zanahoria, aguacate, ciruela, berenjena, melocotón.\n- Ácido elágico: granada y uva.\n- Litio: cebolla, espárragos, endibias, melón, perejil, papa'),
(6, 'Hipotiroidismo', 'Enfermedad crónica no transmitible', 'Ciertos alimentos pueden reducir la biodisponibilidad del yodo y su utilización por la glándula tiroides para la síntesis de las hormonas tiroideas, alterando su funcionamiento. Por ello, es aconsejable eliminarlos de la dieta o proceder como a continuación se indica:\n- Eliminar de la dieta el consumo crudo de las siguientes hortalizas y de alimentos derivados:\ncol de Bruselas, coliflor, repollo, brócoli, nabos, mostazas, espinacas, zanahorias y\nrábanos. Su efecto antitiroideo se produce cuando las consumimos en crudo y muchas de\nellas se añaden frecuentemente cortadas en juliana a ensaladas, bien en crudo, bien al\nvapor. Sin embargo, sí se pueden consumir si previamente las cocemos con agua y\neliminamos el agua de la cocción.\n- Reducir o evitar el consumo de ciertos frutos secos como nueces, piñones y maní\n- Eliminar el consumo de soja y sus derivados (leche, yogur, salsas, tofu, etc.), ya que estos\nalimentos tienen una potente acción antitiroidea y, además, favorecen la eliminación de la\ntiroxina por las heces.\n- No consumir tapioca (también conocida como yuca o mandioca) y los alimentos obtenidos\na partir de este tubérculo, salvo que la yuca haya sido previamente pelada y hervida'),
(7, 'Insulino resistente', 'Enfermedad crónica no transmitible', 'consideraciones patologia_77777'),
(8, ' Insuficiencia Renal Crónica ', 'Enfermedad crónica no transmitible', ''),
(9, 'Fibromialgía', 'Enfermedad autoinmune', 'Las verduras solanáceas (papa, pimentón, berenjena), los cereales\r\nintegrales con presencia de gluten y el huevo, están sujetos a la realidad de\r\ncada paciente y los factores antes mencionados\r\n\r\nse debe considerar el nivel de dolor fisico del paciente para la seleccion de la alimentacion (dieta AINE o AUTOINMUNE)'),
(10, 'Cáncer', 'Enfermedad autoinmune', 'Las verduras solanáceas (papa, pimentón, berenjena), los cereales\nintegrales con presencia de gluten y el huevo, están sujetos a la realidad de\ncada paciente y los factores antes mencionados.'),
(11, 'Lupus', 'Enfermedad autoinmune', 'Las verduras solanáceas (papa, pimentón, berenjena), los cereales\nintegrales con presencia de gluten y el huevo, están sujetos a la realidad de\ncada paciente y los factores antes mencionados.'),
(12, 'Artritis reumatoide', 'Enfermedad autoinmune', 'Las verduras solanáceas (papa, pimentón, berenjena), los cereales\nintegrales con presencia de gluten y el huevo, están sujetos a la realidad de\ncada paciente y los factores antes mencionados.'),
(13, 'Psoriasis', 'Enfermedad autoinmune', 'Las verduras solanáceas (papa, pimentón, berenjena), los cereales integrales con presencia de gluten y el huevo, están sujetos a la realidad de cada paciente y los factores antes mencionados.'),
(14, 'Escleorosis Múltiple', 'Enfermedad autoinmune', 'Las verduras solanáceas (papa, pimentón, berenjena), los cereales integrales con presencia de gluten y el huevo, están sujetos a la realidad de cada paciente y los factores antes mencionados.'),
(15, 'Miastenia grave', 'Enfermedad autoinmune', 'Las verduras solanáceas (papa, pimentón, berenjena), los cereales integrales con presencia de gluten y el huevo, están sujetos a la realidad de cada paciente y los factores antes mencionados.'),
(16, 'Síndrome de  Guillain-Barré', 'Enfermedad autoinmune', 'Las verduras solanáceas (papa, pimentón, berenjena), los cereales integrales con presencia de gluten y el huevo, están sujetos a la realidad de cada paciente y los factores antes mencionados.'),
(17, 'Celiaquía', 'Enfermedad autoinmune', 'Las verduras solanáceas (papa, pimentón, berenjena), los cereales integrales con presencia de gluten y el huevo, están sujetos a la realidad de cada paciente y los factores antes mencionados.'),
(18, 'Alergias Alimentarias', 'Enfermedad autoinmune', 'Las verduras solanáceas (papa, pimentón, berenjena), los cereales integrales con presencia de gluten y el huevo, están sujetos a la realidad de cada paciente y los factores antes mencionados.');

-- --------------------------------------------------------

--
-- Estructura de tabla para la tabla `porcen_grasa`
--

CREATE TABLE `porcen_grasa` (
  `id` int(11) NOT NULL,
  `mm` int(11) DEFAULT NULL,
  `edad1729` float DEFAULT NULL,
  `edad3039` float DEFAULT NULL,
  `edad4049` float DEFAULT NULL,
  `edad50` float DEFAULT NULL,
  `sexo` float DEFAULT NULL
) ENGINE=InnoDB DEFAULT CHARSET=utf8;

--
-- Volcado de datos para la tabla `porcen_grasa`
--

INSERT INTO `porcen_grasa` (`id`, `mm`, `edad1729`, `edad3039`, `edad4049`, `edad50`, `sexo`) VALUES
(1, 15, 4.8, NULL, NULL, NULL, 1),
(2, 20, 8.1, 12.2, 12.2, 12.6, 1),
(3, 25, 10.5, 14.2, 15, 15.6, 1),
(4, 30, 12.9, 16.2, 17.7, 18.6, 1),
(5, 35, 14.7, 17.7, 19.6, 20.8, 1),
(6, 40, 16.4, 19.2, 21.4, 22.9, 1),
(7, 45, 17.7, 20.4, 23, 24.7, 1),
(8, 50, 19, 21.5, 24.6, 26.5, 1),
(9, 55, 20.1, 22.5, 25.9, 27.9, 1),
(10, 60, 21.2, 23.5, 27.1, 29.2, 1),
(11, 65, 22.2, 24.3, 28.2, 30.4, 1),
(12, 70, 23.1, 25.1, 29.3, 31.6, 1),
(13, 75, 24, 25.9, 30.3, 32.7, 1),
(14, 80, 24.8, 26.6, 31.2, 33.8, 1),
(15, 85, 25.5, 27.2, 32.1, 34.8, 1),
(16, 90, 26.2, 27.8, 33, 35.8, 1),
(17, 95, 26.9, 28.4, 33.7, 36.6, 1),
(18, 100, 27.6, 29, 34.4, 37.4, 1),
(19, 105, 28.2, 29.6, 35.1, 38.2, 1),
(20, 110, 28.8, 30.1, 35.8, 39, 1),
(21, 115, 29.4, 30.6, 36.4, 39.7, 1),
(22, 120, 30, 31.1, 37, 40.4, 1),
(23, 125, 30.5, 31.5, 37.6, 41.1, 1),
(24, 130, 31, 31.9, 38.2, 41.8, 1),
(25, 135, 31.5, 32.3, 38.7, 42.4, 1),
(26, 140, 32, 32.7, 39.2, 43, 1),
(27, 145, 32.5, 33.1, 39.7, 43.6, 1),
(28, 150, 32.9, 33.5, 40.2, 44.1, 1),
(29, 155, 33.3, 33.9, 40.7, 44.6, 1),
(30, 160, 33.7, 34.3, 41.2, 45.1, 1),
(31, 165, 34.1, 34.6, 41.6, 45.6, 1),
(32, 170, 34.5, 34.8, 42, 46.8, 1),
(33, 175, 34.9, NULL, NULL, NULL, 1),
(34, 180, 35.3, NULL, NULL, NULL, 1),
(35, 185, 35.6, NULL, NULL, NULL, 1),
(36, 190, 35.9, NULL, NULL, NULL, 1),
(37, 15, 10.5, NULL, NULL, NULL, 2),
(38, 20, 14.1, 17, 19.8, 21.4, 2),
(39, 25, 16.8, 19.4, 22.2, 24, 2),
(40, 30, 19.5, 21.8, 24.5, 26.6, 2),
(41, 35, 21.5, 23.7, 26.4, 28.5, 2),
(42, 40, 23.4, 25.5, 28.2, 30.3, 2),
(43, 45, 25, 26.9, 29.6, 31.9, 2),
(44, 50, 26.5, 28.2, 31, 33.4, 2),
(45, 55, 27.8, 29.4, 32.1, 34.6, 2),
(46, 60, 29.1, 30.6, 33.2, 35.7, 2),
(47, 65, 30.2, 31.1, 34.1, 36.7, 2),
(48, 70, 31.2, 32.5, 35, 37.7, 2),
(49, 75, 32.2, 33.4, 35.9, 38.7, 2),
(50, 80, 33.1, 34.3, 36.7, 39.6, 2),
(51, 85, 34, 35.1, 37.5, 40.4, 2),
(52, 90, 34.8, 35.8, 38.3, 41.2, 2),
(53, 95, 35.6, 36.5, 39, 41.9, 2),
(54, 100, 36.4, 37.2, 39.7, 42.6, 2),
(55, 105, 37.1, 37.9, 40.4, 43.4, 2),
(56, 110, 37.8, 38.6, 41, 43.9, 2),
(57, 115, 38.4, 39.1, 41.5, 44.5, 2),
(58, 120, 39, 39.6, 42, 45.1, 2),
(59, 125, 39.6, 40.1, 42.5, 45.7, 2),
(60, 130, 40.2, 40.6, 43, 46.2, 2),
(61, 135, 40.8, 41.1, 43.5, 46.7, 2),
(62, 140, 41.3, 41.6, 44, 47.2, 2),
(63, 145, 41.8, 42.1, 44.5, 47.7, 2),
(64, 150, 42.3, 42.6, 45, 48.2, 2),
(65, 155, 42.8, 43.1, 45.4, 48.7, 2),
(66, 160, 43.3, 43.6, 45.8, 49.2, 2),
(67, 165, 43.7, 44, 46.2, 49.6, 2),
(68, 170, 44.1, 44.4, 46.6, 50, 2),
(69, 175, NULL, 44.8, 47, 50.4, 2),
(70, 180, NULL, 45.2, 47.4, 50.8, 2),
(71, 185, NULL, 45.6, 47.8, 51.2, 2),
(72, 190, NULL, 45.9, 48.2, 51.6, 2),
(73, 195, NULL, 46.2, 48.5, 52, 2),
(74, 200, NULL, 46.5, 48.8, 52.4, 2),
(75, 205, NULL, NULL, 49.1, 52.7, 2),
(76, 210, NULL, NULL, 49.4, 53, 2);

-- --------------------------------------------------------

--
-- Estructura de tabla para la tabla `preparacion`
--

CREATE TABLE `preparacion` (
  `idpreparacion` int(11) NOT NULL,
  `nombre` varchar(100) DEFAULT NULL,
  `tipo` enum('bebestible','desayuno','colacion_1','entrada','almuerzo','colacion_2','once','cena') NOT NULL,
  `tipo_nutri` enum('enflaquecido','promedio','sobrepeso','obeso','adecuado') NOT NULL,
  `kcal` varchar(20) NOT NULL
) ENGINE=InnoDB DEFAULT CHARSET=utf8;

--
-- Volcado de datos para la tabla `preparacion`
--

INSERT INTO `preparacion` (`idpreparacion`, `nombre`, `tipo`, `tipo_nutri`, `kcal`) VALUES
(5, 'Aceitunas', 'colacion_1', 'adecuado', '250 kcal'),
(6, 'Rollitos de jamon de pavo', 'colacion_1', 'adecuado', '250 kcal'),
(7, '1 galleton de avena casero', 'colacion_1', 'adecuado', '250 kcal'),
(8, 'manzana', 'colacion_1', 'adecuado', '250 kcal'),
(9, '1 compota de fruta (manzana, pera, plátano y frutilla)', 'colacion_1', 'adecuado', '250 kcal'),
(10, '1 Huevo duro', 'colacion_1', 'promedio', '250 kcal'),
(11, '1 yogurt', 'colacion_1', 'promedio', '250 kcal'),
(12, 'Higos o ciruelas deshidratados', 'colacion_1', 'promedio', '250 kcal'),
(13, '1 puñado de frutos secos (almendras,nueces,maní)', 'colacion_1', 'promedio', '250 kcal'),
(14, '1 puñado de frutas deshidratadas (chips)', 'colacion_1', 'promedio', '250 kcal'),
(15, 'Pasas', 'colacion_1', 'promedio', '250 kcal'),
(16, '1 sandwich de pan centeno c/palta, tomate, pollo, queso de cabra', 'desayuno', 'adecuado', ''),
(17, 'Omelette(huevo gallina feliz) c/verduras', 'desayuno', 'promedio', '222 KCAL'),
(18, 'Macedonia de frutas picadas (manzana, naranja y plátano) con semillas (chía/linaza)', 'desayuno', 'adecuado', '250 kcal'),
(29, 'cocadas de avena/platano', 'colacion_2', 'promedio', '250 kcal'),
(30, 'macedonia de frutas picadas (manzana, naranja y plátano)', 'desayuno', 'promedio', '300 kcal'),
(31, '1 huevo duro (gallina feliz)', 'colacion_1', 'promedio', '300 kcal'),
(32, 'Omelette c/verduras', 'desayuno', 'promedio', '222 KCAL'),
(39, '1 vaso de pudin de chia', 'colacion_2', 'adecuado', '300 kcal'),
(41, '1 plato de ensaladas de colores c/ aceite de oliva', 'entrada', 'adecuado', '300 kcal'),
(42, '1 taza de consome de ave', 'entrada', 'promedio', '300 kcal'),
(43, 'guiso de verduras c/ carne molida de pavo', 'almuerzo', 'adecuado', '300 kcal'),
(44, 'Zapallo italiano relleno c/verduras y pollo', 'almuerzo', 'adecuado', '300 kcal'),
(45, 'Salteado de verduras c/pollo', 'almuerzo', 'adecuado', '300 kcal'),
(46, 'Tortilla de verduras c/ 1 trozo de carne blanca ', 'almuerzo', 'adecuado', '300 kcal'),
(47, 'Fideos de zapallo italiano c/pesto', 'almuerzo', 'adecuado', '300 kcal'),
(48, 'Budin de zapallo italiano c/carne de pavo', 'almuerzo', 'adecuado', '300 kcal'),
(49, '1 plato de cazuela de ave', 'almuerzo', 'adecuado', '300 kcal'),
(50, '2 rebanadas de pan centeno/integral/avena c/palta, tomate, aceite de oliva, queso de cabra.', 'once', 'promedio', '300 kcal'),
(51, '2 rebanadas de pan sin gluten palta, tomate, aceite de oliva, queso de cabra.', 'once', 'adecuado', '400 kcal'),
(52, '2 rebanadas de pan centeno/integral/avena c/1 cdta de mermelada casera o 1 cdta de miel orgánica ', 'once', 'promedio', '400 kcal'),
(53, '2 rebanadas de pan sin gluten c/1 cdta de mermelada casera o 1 cdta de miel orgánica ', 'once', 'adecuado', '400 kcal'),
(54, 'Galletas de avena caseras', 'once', 'promedio', '400 kcal'),
(55, 'Granola c/yogurt y fruta', 'once', 'adecuado', '400 kcal'),
(56, '1 taza de frutas de estacion c/chia/linaza', 'once', 'promedio', '400 kcal'),
(57, 'Croquetas de pollo c/guacamole', 'once', 'adecuado', '400 kcal'),
(58, 'Arroz integral c/1 trozo de carne blanca o huevo ', 'almuerzo', 'adecuado', '400 kcal'),
(59, 'Papas al horno c/ 1 trozo de carne blanca o huevo', 'almuerzo', 'adecuado', '400 kcal'),
(60, 'Quinoa c/verduras', 'almuerzo', 'adecuado', '400 kcal'),
(61, 'Charquican (sin choclo)', 'almuerzo', 'promedio', '400 kcal'),
(62, 'Carbonada con carne molida de pavo (sin choclo)', 'almuerzo', 'promedio', '400 kcal'),
(63, 'Tomatican con carne molida de pavo (sin choclo)', 'almuerzo', 'promedio', '400 kcal'),
(64, 'Tortillas de pollo c/ verduras', 'almuerzo', 'promedio', '400 kcal'),
(65, 'Guiso de legumbres', 'almuerzo', 'promedio', '400 kcal'),
(66, 'Hamburguesa de legumbres c/verduras', 'almuerzo', 'promedio', '400 kcal'),
(67, 'Cus cus c/verduras + hamburguesas de atun ', 'almuerzo', 'promedio', '400 kcal'),
(68, 'Pure de arvejas c/salteado de verduras', 'almuerzo', 'promedio', '400 kcal'),
(69, 'Cuscus de brocoli c/hamburguesa de garbanzo ', 'almuerzo', 'promedio', '400 kcal'),
(70, 'Quitche de verduras ', 'almuerzo', 'promedio', '400 kcal'),
(74, '1 plato de ensaladas de colores c/ aceite de oliva ', 'cena', 'promedio', '400 kcal'),
(75, '1 taza de crema de verduras (zapallo camote) ', 'cena', 'adecuado', '400 kcal'),
(78, '1 taza de crema de verduras verdes ', 'cena', 'promedio', '400 kcal'),
(79, '1 taza de crema de tomate', 'cena', 'adecuado', '400 kcal'),
(80, '1 taza de crema de legumbres', 'cena', 'promedio', '400 kcal'),
(81, '1 plato de ensalada de colores c/1 trozo de pollo/pavo/pescado', 'cena', 'promedio', '400 kcal'),
(82, '1 plato de ensalada del huerto', 'cena', 'adecuado', '400 kcal'),
(83, '1 wraps integral c/pollo y verduras', 'cena', 'promedio', '400 kcal'),
(84, '1 tortilla de maiz o arepa de maiz rellena c/pollo y verduras', 'cena', 'promedio', '400 kcal'),
(85, '1 hamburguesa de atun c/ ensaladas ', 'cena', 'adecuado', '400 kcal'),
(89, '1 vaso de smoothie 350 ml (leche vegetal + 1 fruta + 1 cda de avena + 1 cdta de chia/linaza', 'desayuno', 'promedio', '313 KCAL'),
(90, '1 vaso de smoothie 350 ml (leche vegetal + 1 fruta + 1 cdta de chia/linaza)', 'desayuno', 'sobrepeso', ''),
(91, '2 rebanadas de pan centeno c/palta, tomate, pollo, aceite de oliva.', 'desayuno', 'sobrepeso', ''),
(92, '2 rebanadas de pan centeno c/palta, tomate, aceite de oliva, queso de cabra.', 'desayuno', 'sobrepeso', '346 KCAL'),
(93, '1 taza de frutas picadas de estación + 1 cda de semillas (chía/linaza)', 'desayuno', 'sobrepeso', '243 KCAL'),
(94, '1 taza de crema de avena c/ fruta ', 'desayuno', 'sobrepeso', '250 KCAL'),
(95, '1 taza de muesli c/ yogurt de soya + 1 cdta de semillas', 'desayuno', 'sobrepeso', '389 KCAL'),
(96, '1 batido verde 500 cc', 'desayuno', 'promedio', '198 KCAL '),
(97, '2 rebanadas de pan s/gluten+ queso de cabra+ 1 cdita. aceite de oliva+ orégano+ espinaca', 'desayuno', 'sobrepeso', '290 KCAL'),
(98, '1 taza de quinoa inflamada c/ yogurt', 'desayuno', 'sobrepeso', '216 KCAL'),
(99, '1 vaso de smoothie 600 ml (leche vegetal/fruta/avena/linaza o chia)', 'desayuno', 'enflaquecido', '656 KCAL'),
(100, '2 rebanadas de pan centeno c/palta, tomate + omelette c/verduras + 1 vaso de jugo de frutas natural ', 'desayuno', 'enflaquecido', '566 KCAL'),
(101, 'avena c/frutos secos/fruta/semillas y leche vegetal o yogurt de soya', 'desayuno', 'enflaquecido', '560 KCAL'),
(103, '', 'desayuno', 'enflaquecido', ''),
(104, 'test', 'desayuno', 'enflaquecido', '');

-- --------------------------------------------------------

--
-- Estructura de tabla para la tabla `preparacion_alimento`
--

CREATE TABLE `preparacion_alimento` (
  `idpreparacion_alimento` int(11) NOT NULL,
  `preparacion_idpreparacion` int(11) NOT NULL,
  `alimento_idalimento` int(11) NOT NULL,
  `porcion` varchar(50) NOT NULL
) ENGINE=InnoDB DEFAULT CHARSET=utf8;

--
-- Volcado de datos para la tabla `preparacion_alimento`
--

INSERT INTO `preparacion_alimento` (`idpreparacion_alimento`, `preparacion_idpreparacion`, `alimento_idalimento`, `porcion`) VALUES
(22, 14, 10, '350 gramos'),
(23, 14, 12, '100 gramos'),
(24, 14, 4, '450 gramos'),
(70, 6, 115, '30 gramos'),
(71, 7, 151, '30 gramos'),
(73, 11, 73, '125 gramos'),
(74, 12, 89, '30 gramos'),
(75, 12, 44, '30 gramos'),
(76, 15, 90, '20 gramos'),
(77, 16, 59, '30 gramos'),
(78, 16, 30, '20 gramos'),
(79, 16, 85, '30 gramos'),
(80, 16, 98, '15 gramos'),
(81, 16, 152, '50 gramos'),
(84, 17, 153, '30 gramos'),
(87, 8, 53, '30 gramos'),
(89, 18, 154, '30 gramos'),
(90, 18, 155, '30 gramos'),
(91, 18, 53, '30 gramos'),
(92, 18, 57, '30 gramos'),
(93, 18, 64, '30 gramos'),
(94, 30, 53, ''),
(95, 30, 57, '30 gramos'),
(96, 30, 64, '30 gramos'),
(98, 13, 157, '30 gramos'),
(99, 13, 158, '30 gramos'),
(100, 13, 159, '30 gramos'),
(101, 9, 53, '30 gramos'),
(102, 9, 62, '30 gramos'),
(103, 9, 64, '30 gramos'),
(104, 9, 49, '30 gramos'),
(105, 10, 160, '1 unidad'),
(106, 31, 134, '1 unidad'),
(107, 32, 160, '1 unidad'),
(108, 32, 153, '30 gramos'),
(109, 32, 30, '30 gramos'),
(154, 5, 40, '10 unidades'),
(155, 29, 151, '30 gramos'),
(156, 29, 64, '1 unidad'),
(157, 29, 165, '1 cucharada'),
(159, 39, 154, '30 gramos'),
(160, 39, 161, '200 ml'),
(161, 39, 169, '20 gramos'),
(162, 41, 34, '30 gramos'),
(163, 41, 30, '30 gramos'),
(164, 41, 23, '30 gramos'),
(165, 41, 32, '10 gramos'),
(166, 41, 27, '20 gramos'),
(167, 41, 21, '20 gramos'),
(169, 41, 164, '1 cucharada'),
(170, 42, 85, '30 gramos'),
(171, 42, 23, '20 gramos'),
(172, 42, 29, '20 gramos'),
(173, 42, 31, '20 gramos'),
(174, 42, 36, '20 gramos'),
(175, 42, 164, '1 cucharada'),
(177, 43, 16, '30 gramos'),
(178, 43, 23, '30 gramos'),
(179, 43, 29, '30 gramos'),
(180, 43, 31, '10 gramos'),
(181, 43, 36, '20 gramos'),
(182, 43, 26, '10 gramos'),
(183, 43, 164, '1 cucharada'),
(184, 43, 151, '30 gramos'),
(185, 43, 134, '2 unidades'),
(186, 43, 170, '100 gramos'),
(187, 44, 27, '100 gramos'),
(188, 44, 29, '30 gramos'),
(190, 44, 31, '10 gramos'),
(191, 44, 26, '10 gramos'),
(192, 44, 36, '20 gramos'),
(193, 44, 85, '100 gramos'),
(194, 44, 164, '1 cucharada'),
(195, 45, 26, '30 gramos'),
(196, 45, 36, '30 gramos'),
(197, 45, 153, '20 gramos'),
(198, 45, 39, '10 gramos'),
(199, 45, 27, '100 gramos'),
(200, 45, 85, '100 gramos'),
(201, 45, 164, '1 cucharada'),
(202, 46, 16, '30 gramos'),
(203, 46, 134, '2 unidades'),
(204, 46, 151, '30 gramos'),
(205, 46, 164, '1 cucharada'),
(206, 46, 85, '100 gramos'),
(207, 47, 27, '100 gramos'),
(208, 47, 135, '30 gramos'),
(209, 47, 164, '1 cucharada'),
(210, 47, 31, '100 gramos'),
(211, 48, 27, '100 gramos'),
(212, 48, 26, '30 gramos'),
(213, 48, 36, '30 gramos'),
(214, 48, 29, '30 gramos'),
(215, 48, 31, '10 gramos'),
(216, 48, 134, '2 unidades'),
(217, 48, 151, '30 gramos'),
(218, 48, 170, '100 gramos'),
(219, 48, 164, '1 cucharada'),
(220, 49, 4, '30 gramos'),
(221, 49, 25, '30 gramos'),
(222, 49, 26, '20 gramos'),
(223, 49, 29, '20 gramos'),
(224, 49, 171, '20 gramos'),
(225, 49, 85, '100 gramos'),
(226, 49, 172, '40 gramos'),
(227, 50, 152, '2 rebanadas'),
(228, 50, 59, '30 gramos'),
(229, 50, 30, ''),
(230, 50, 30, '30 gramos'),
(231, 50, 164, '30 gramos'),
(232, 50, 98, '30 gramos'),
(233, 51, 167, '2 rebanadas'),
(234, 51, 59, '30 gramos'),
(235, 51, 30, '30 gramos'),
(236, 51, 164, '30 gramos'),
(237, 51, 98, '30 gramos'),
(238, 52, 152, '2 rebanadas'),
(239, 52, 165, '1 cucharada'),
(240, 53, 167, '2 rebanadas'),
(241, 53, 165, '1 cucharada'),
(242, 54, 151, '30 gramos'),
(243, 54, 64, '2 unidades'),
(244, 54, 165, '1 cucharada'),
(245, 55, 151, '30 gramos'),
(246, 55, 157, '30 gramos'),
(247, 55, 165, '1 cucharada'),
(248, 55, 154, '20 gramos'),
(249, 55, 166, '1 envase'),
(250, 55, 49, '50 gramos'),
(251, 56, 155, '30 gramos'),
(252, 56, 57, '30 gramos'),
(253, 57, 85, '100 gramos'),
(254, 57, 151, '30 gramos'),
(255, 57, 134, '2 unidades'),
(256, 57, 31, '100 gramos'),
(257, 57, 29, '20 gramos'),
(258, 57, 36, '20 gramos'),
(259, 57, 26, '20 gramos'),
(260, 57, 164, '1 cucharadita'),
(261, 57, 59, '30 gramos'),
(262, 57, 30, '30 gramos'),
(263, 58, 4, '30 gramos'),
(264, 58, 29, '20 gramos'),
(265, 58, 31, '100 gramos'),
(266, 58, 26, '20 gramos'),
(267, 58, 36, '20 gramos'),
(268, 58, 170, '100 gramos'),
(269, 58, 160, ''),
(270, 58, 160, '2 unidades'),
(271, 59, 172, '70 gramos'),
(272, 59, 170, '100 gramos'),
(273, 59, 134, '2 unidades'),
(274, 59, 164, '1 cucharadita'),
(275, 60, 13, '50 gramos'),
(276, 60, 164, '1 cucharadita'),
(277, 60, 29, '20 gramos'),
(278, 60, 31, '20 gramos'),
(279, 60, 26, '20 gramos'),
(280, 60, 37, '20 gramos'),
(281, 60, 153, '40 gramos'),
(282, 60, 98, '30 gramos'),
(283, 61, 172, '50 gramos'),
(284, 61, 26, '30 gramos'),
(285, 61, 171, '30 gramos'),
(286, 61, 29, '20 gramos'),
(287, 61, 31, '10 gramos'),
(288, 61, 37, '20 gramos'),
(289, 61, 164, '1 cucharadita'),
(290, 61, 170, '70 gramos'),
(291, 62, 172, '70 gramos'),
(292, 62, 171, '30 gramos'),
(293, 62, 26, '20 gramos'),
(294, 62, 31, '10 gramos'),
(295, 62, 29, '30 gramos'),
(296, 62, 37, '30 gramos'),
(297, 62, 174, '40 gramos'),
(298, 62, 25, '30 gramos'),
(299, 62, 4, '40 gramos'),
(300, 62, 170, '70 gramos'),
(301, 62, 164, '1 cucharadita'),
(302, 63, 30, '50 gramos'),
(303, 63, 170, '50 gramos'),
(304, 63, 29, '30 gramos'),
(305, 63, 31, '10 gramos'),
(306, 63, 174, '40 gramos'),
(307, 63, 164, '1 cucharadita'),
(308, 64, 85, '70 gramos'),
(309, 64, 134, '2 unidades'),
(310, 64, 29, '40 gramos'),
(311, 64, 31, '10 gramos'),
(312, 64, 37, '30 gramos'),
(313, 64, 26, '20 gramos'),
(314, 64, 151, '40 gramos'),
(315, 64, 164, '1 cucharadita'),
(316, 64, 32, '20 gramos'),
(317, 64, 34, '30 gramos'),
(318, 64, 30, '30 gramos'),
(319, 64, 173, '30 gramos'),
(320, 64, 21, '30 gramos'),
(321, 64, 25, '30 gramos'),
(322, 64, 153, '30 gramos'),
(323, 65, 174, '60 gramos'),
(324, 65, 4, '40 gramos'),
(325, 65, 31, '10 gramos'),
(326, 65, 29, '20 gramos'),
(327, 65, 26, '20 gramos'),
(328, 65, 171, '30 gramos'),
(329, 65, 36, '20 gramos'),
(330, 65, 16, '30 gramos'),
(331, 65, 23, '20 gramos'),
(332, 65, 164, '1 cucharadita'),
(333, 66, 176, '50 gramos'),
(334, 66, 151, '40 gramos'),
(335, 66, 134, '3 unidades'),
(336, 66, 31, '10 gramos'),
(337, 66, 29, '20 gramos'),
(338, 66, 26, '20 gramos'),
(339, 66, 36, '20 gramos'),
(340, 66, 32, '20 gramos'),
(341, 66, 34, '20 gramos'),
(342, 66, 30, '20 gramos'),
(343, 66, 21, '20 gramos'),
(344, 66, 173, '20 gramos'),
(345, 66, 25, '20 gramos'),
(346, 66, 153, '20 gramos'),
(347, 67, 119, '1 envase'),
(348, 67, 134, '2 unidades'),
(349, 67, 151, '30 gramos'),
(350, 67, 29, '20 gramos'),
(351, 67, 31, '100 gramos'),
(352, 67, 26, '10 gramos'),
(353, 67, 36, '20 gramos'),
(354, 67, 179, '40 gramos'),
(355, 68, 174, '40 gramos'),
(356, 68, 164, '1 cucharadita'),
(357, 68, 29, '20 gramos'),
(358, 68, 31, '10 gramos'),
(359, 68, 26, '20 gramos'),
(360, 68, 37, '20 gramos'),
(361, 68, 153, '30 gramos'),
(362, 68, 39, '30 gramos'),
(363, 68, 27, '30 gramos'),
(364, 68, 173, '30 gramos'),
(365, 69, 173, '30 gramos'),
(366, 69, 164, '1 cucharadita'),
(367, 69, 51, '1 unidad'),
(368, 69, 177, '40 gramos'),
(369, 69, 29, '20 gramos'),
(370, 69, 31, '10 gramos'),
(371, 69, 26, '20 gramos'),
(372, 69, 36, '20 gramos'),
(373, 69, 151, '30 gramos'),
(374, 69, 160, '2 unidades'),
(375, 70, 180, '30 gramos'),
(376, 70, 134, '2 unidades'),
(377, 70, 151, '40 gramos'),
(378, 70, 173, '30 gramos'),
(379, 70, 153, '30 gramos'),
(380, 70, 23, '20 gramos'),
(381, 70, 164, '1 cucharadita'),
(382, 70, 31, '10 gramos'),
(383, 70, 29, '20 gramos'),
(384, 70, 37, '20 gramos'),
(388, 29, 184, '10 gramos'),
(398, 57, 16, '30 gramos'),
(399, 74, 30, '1/2 taza '),
(400, 74, 25, '1/2 taza '),
(402, 75, 161, '200 ml'),
(403, 75, 163, '2 unidades'),
(404, 75, 151, '30 gramos'),
(405, 75, 154, '30 gramos'),
(414, 78, 16, '30 gramos'),
(415, 78, 23, '30 gramos'),
(416, 78, 31, '10 gramos'),
(417, 78, 29, '20 gramos'),
(418, 78, 37, '20 gramos'),
(419, 78, 27, '40 gramos'),
(420, 78, 164, '1 cucharadita'),
(421, 79, 30, '2 unidades'),
(422, 79, 31, '10 gramos'),
(423, 79, 29, '10 gramos'),
(424, 79, 36, '20 gramos'),
(425, 79, 161, '200 ml'),
(426, 79, 164, '1 cucharadita'),
(427, 79, 141, '10 gramos'),
(428, 80, 175, '50 gramos'),
(429, 80, 23, '20 gramos'),
(430, 80, 26, '20 gramos'),
(431, 80, 29, '20 gramos'),
(432, 80, 164, '1 cucharadita'),
(433, 80, 151, '40 gramos'),
(434, 81, 34, '40 gramos'),
(435, 81, 30, '1 unidad'),
(436, 81, 25, '30 gramos'),
(437, 81, 26, '2o gramos'),
(438, 81, 170, '50 gramos'),
(439, 81, 164, '1 cucharadita'),
(440, 81, 59, '1 unidad'),
(441, 82, 34, '40 gramos'),
(442, 82, 30, '1 unidad'),
(443, 82, 98, '40 gramos'),
(444, 82, 40, '5 unidades'),
(445, 82, 185, '20 gramos'),
(446, 82, 186, '10 gramos'),
(447, 83, 180, '40 gramos'),
(448, 83, 164, '1 cucharada'),
(449, 83, 85, '50 gramos'),
(450, 83, 153, '5 unidades'),
(451, 83, 30, '1 unidad'),
(452, 83, 185, '20 gramos'),
(453, 83, 25, '30 gramos'),
(454, 84, 187, '40 gramos'),
(455, 84, 85, '50 gramos'),
(456, 84, 30, '1 unidad'),
(457, 84, 164, '1 cucharada'),
(458, 84, 59, '1 unidad'),
(459, 85, 188, '50 gramos'),
(460, 85, 151, '40 gramos'),
(461, 85, 164, '1 cucharada'),
(462, 85, 31, '10 gramos'),
(463, 85, 29, '20 gramos'),
(464, 85, 26, '20 gramos'),
(465, 85, 40, '5 unidades'),
(466, 85, 189, '20 gramos'),
(467, 74, 164, '1 cucharada'),
(474, 17, 134, '1 unidad'),
(475, 17, 30, '1 unidad'),
(476, 89, 161, '250 cc'),
(477, 89, 162, '100 grs'),
(478, 89, 151, '20 grs'),
(479, 89, 154, '10 grs'),
(480, 90, 192, '250 cc'),
(481, 90, 163, '100 grs (1 pieza)'),
(482, 90, 155, '10 grs (1 cucharada)'),
(483, 91, 152, '50 grs (2 rebanadas)'),
(484, 91, 59, '30 grs '),
(485, 91, 30, '60 grs (1/2 tomate)'),
(486, 91, 85, '30 grs'),
(487, 91, 164, '5 cc (1 cucharadita)'),
(488, 92, 152, '50 grs (2 rebanadas)'),
(489, 92, 59, '30 grs'),
(490, 92, 30, '60 grs (1/2 tomate)'),
(491, 92, 164, '5 cc (1 cucharadita)'),
(492, 92, 98, '30 grs'),
(493, 93, 53, '200 grs'),
(494, 93, 155, '1 cucharada'),
(495, 94, 151, '40 grs (3 cucharadas)'),
(496, 94, 49, '100 grs (1/2 taza)'),
(497, 94, 165, '5 grs (1 cucharadita)'),
(498, 95, 151, '30 grs (3 cucharadas)'),
(499, 95, 157, '20 grs (2 cucharadas)'),
(500, 95, 166, '1 unidad'),
(501, 95, 154, '10 grs (1 cucharada)'),
(502, 96, 32, '50 grs (1 taza)'),
(503, 96, 63, '50 grs (2 rebanadas)'),
(504, 96, 53, '1 unidad'),
(505, 96, 155, '10 grs (1 cucharada)'),
(506, 97, 167, '50 grs (2 rebanadas)'),
(507, 97, 98, '30 grs'),
(508, 97, 164, '5 cc (1 cucharadita)'),
(509, 97, 141, 'opcional'),
(510, 97, 23, '20 grs (2 hojas'),
(511, 98, 13, '40 grs (3 cucharadas)'),
(512, 98, 73, '1 unidad'),
(513, 99, 192, '350 cc '),
(514, 99, 64, '250 grs (2 1/2 frutas)'),
(515, 99, 151, '40 grs (3 cucharadas)'),
(516, 99, 155, '20 grs (2 cucharadas)'),
(517, 100, 152, '50 grs (2 rebanadas)'),
(518, 100, 59, '30 grs (3 cucharadas)'),
(519, 100, 30, '1 unidad'),
(520, 100, 134, '2 unidades'),
(521, 100, 185, '30 grs (1/2 taza)'),
(522, 100, 164, '5 cc (1 cucharadita)'),
(523, 100, 57, '200 cc'),
(524, 101, 151, '40 grs (4 cucharadas)'),
(525, 101, 157, '30 grs (1/2 taza)'),
(526, 101, 154, '1 cucharada'),
(527, 101, 161, '200 cc'),
(528, 101, 165, '5 grs (1 cucharadita)'),
(529, 101, 53, '1 unidad');

-- --------------------------------------------------------

--
-- Estructura de tabla para la tabla `preparacion_minuta`
--

CREATE TABLE `preparacion_minuta` (
  `idpreparacion_minuta` int(11) NOT NULL,
  `preparacion_idpreparacion` int(11) NOT NULL,
  `minuta_idminuta` int(11) NOT NULL
) ENGINE=InnoDB DEFAULT CHARSET=utf8;

--
-- Volcado de datos para la tabla `preparacion_minuta`
--

INSERT INTO `preparacion_minuta` (`idpreparacion_minuta`, `preparacion_idpreparacion`, `minuta_idminuta`) VALUES
(7, 6, 37),
(8, 12, 37),
(9, 11, 37),
(10, 14, 37),
(11, 16, 37),
(23, 6, 39),
(24, 12, 39),
(25, 11, 39),
(26, 14, 39),
(27, 16, 39),
(31, 6, 40),
(32, 12, 40),
(33, 11, 40),
(34, 14, 40),
(35, 16, 40),
(201, 7, 61),
(202, 8, 61),
(203, 9, 61),
(204, 10, 61),
(205, 12, 61),
(262, 5, 69),
(263, 12, 69),
(264, 11, 69),
(265, 14, 69),
(266, 15, 69),
(267, 17, 69),
(287, 5, 72),
(288, 12, 72),
(289, 11, 72),
(290, 14, 72),
(291, 15, 72),
(292, 17, 72),
(314, 5, 75),
(315, 10, 75),
(316, 9, 75),
(317, 8, 75),
(318, 12, 75),
(319, 11, 75),
(320, 14, 75),
(321, 15, 75),
(322, 17, 75),
(328, 10, 76),
(329, 12, 76),
(330, 11, 76),
(331, 14, 76),
(332, 15, 76),
(333, 17, 76),
(336, 5, 77),
(337, 12, 77),
(338, 11, 77),
(339, 14, 77),
(340, 15, 77),
(341, 17, 77),
(344, 5, 78),
(345, 10, 78),
(346, 12, 78),
(347, 11, 78),
(348, 14, 78),
(349, 15, 78),
(350, 17, 78),
(353, 5, 79),
(354, 12, 79),
(355, 11, 79),
(356, 14, 79),
(357, 13, 79),
(358, 15, 79),
(359, 17, 79),
(362, 5, 80),
(363, 12, 80),
(364, 11, 80),
(365, 14, 80),
(366, 15, 80),
(367, 17, 80),
(372, 11, 81),
(373, 6, 81),
(374, 12, 81),
(375, 14, 81),
(376, 16, 81),
(380, 5, 82),
(381, 11, 82),
(382, 12, 82),
(383, 14, 82),
(384, 13, 82),
(385, 15, 82),
(386, 16, 82),
(388, 17, 82),
(389, 18, 82),
(396, 8, 83),
(397, 9, 83),
(398, 10, 83),
(399, 11, 83),
(400, 29, 83),
(401, 12, 83),
(402, 14, 83),
(403, 13, 83),
(404, 5, 83),
(405, 6, 83),
(406, 7, 83),
(407, 16, 83),
(408, 15, 83),
(409, 17, 83),
(411, 18, 83),
(418, 8, 84),
(419, 9, 84),
(420, 11, 84),
(421, 12, 84),
(422, 14, 84),
(423, 13, 84),
(424, 5, 84),
(425, 6, 84),
(426, 16, 84),
(427, 15, 84),
(428, 17, 84),
(435, 11, 85),
(436, 12, 85),
(437, 14, 85),
(438, 13, 85),
(439, 5, 85),
(440, 6, 85),
(441, 7, 85),
(442, 15, 85),
(443, 17, 85),
(454, 12, 87),
(455, 9, 87),
(456, 8, 87),
(457, 14, 87),
(458, 5, 87),
(459, 15, 87),
(460, 11, 87),
(461, 17, 87),
(464, 8, 88),
(465, 14, 88),
(466, 5, 88),
(467, 15, 88),
(468, 11, 88),
(469, 17, 88),
(473, 12, 89),
(481, 12, 91),
(482, 13, 91),
(483, 7, 91),
(484, 16, 91),
(485, 17, 91),
(488, 12, 92),
(489, 13, 92),
(490, 7, 92),
(491, 5, 92),
(492, 16, 92),
(493, 17, 92),
(496, 8, 93),
(497, 14, 93),
(498, 5, 93),
(499, 11, 93),
(503, 12, 94),
(504, 9, 94),
(505, 13, 94),
(506, 14, 94),
(507, 6, 94),
(508, 5, 94),
(509, 16, 94),
(510, 15, 94),
(511, 17, 94),
(512, 18, 94),
(517, 12, 95),
(518, 9, 95),
(519, 13, 95),
(520, 14, 95),
(521, 6, 95),
(522, 5, 95),
(523, 16, 95),
(524, 15, 95),
(525, 17, 95),
(526, 18, 95),
(531, 12, 96),
(532, 9, 96),
(533, 13, 96),
(534, 14, 96),
(535, 6, 96),
(536, 5, 96),
(537, 16, 96),
(538, 15, 96),
(539, 17, 96),
(540, 18, 96),
(545, 12, 97),
(546, 9, 97),
(547, 13, 97),
(548, 14, 97),
(549, 6, 97),
(550, 5, 97),
(551, 16, 97),
(552, 15, 97),
(553, 17, 97),
(554, 18, 97),
(559, 12, 98),
(560, 9, 98),
(561, 13, 98),
(562, 14, 98),
(563, 6, 98),
(564, 5, 98),
(565, 16, 98),
(566, 15, 98),
(567, 17, 98),
(568, 18, 98),
(573, 12, 99),
(574, 9, 99),
(575, 13, 99),
(576, 14, 99),
(577, 6, 99),
(578, 5, 99),
(579, 16, 99),
(580, 15, 99),
(581, 17, 99),
(582, 18, 99),
(587, 12, 100),
(588, 9, 100),
(589, 13, 100),
(590, 14, 100),
(591, 6, 100),
(592, 5, 100),
(593, 16, 100),
(594, 15, 100),
(595, 17, 100),
(596, 18, 100),
(601, 12, 101),
(602, 13, 101),
(603, 7, 101),
(604, 16, 101),
(605, 17, 101),
(608, 12, 102),
(609, 9, 102),
(610, 8, 102),
(611, 13, 102),
(612, 14, 102),
(613, 7, 102),
(614, 6, 102),
(615, 5, 102),
(616, 16, 102),
(617, 15, 102),
(618, 10, 102),
(619, 11, 102),
(620, 17, 102),
(621, 18, 102),
(623, 29, 102),
(630, 12, 103),
(631, 13, 103),
(632, 7, 103),
(633, 16, 103),
(634, 17, 103),
(637, 18, 104),
(638, 5, 104),
(644, 18, 105),
(645, 17, 105),
(646, 16, 105),
(647, 5, 105),
(648, 15, 105),
(649, 14, 105),
(655, 18, 106),
(656, 17, 106),
(657, 16, 106),
(658, 5, 106),
(659, 15, 106),
(660, 14, 106),
(666, 30, 107),
(667, 15, 107),
(668, 12, 107),
(669, 8, 107),
(670, 6, 107),
(671, 5, 107),
(677, 30, 108),
(678, 15, 108),
(679, 12, 108),
(680, 8, 108),
(681, 6, 108),
(682, 5, 108),
(688, 30, 109),
(689, 15, 109),
(690, 12, 109),
(691, 8, 109),
(692, 6, 109),
(693, 5, 109),
(699, 18, 110),
(700, 17, 110),
(701, 16, 110),
(702, 30, 110),
(703, 15, 110),
(704, 12, 110),
(705, 8, 110),
(706, 6, 110),
(707, 5, 110),
(713, 18, 111),
(714, 17, 111),
(715, 16, 111),
(716, 30, 111),
(717, 15, 111),
(718, 12, 111),
(719, 8, 111),
(720, 6, 111),
(721, 5, 111),
(727, 18, 112),
(728, 17, 112),
(729, 16, 112),
(730, 30, 112),
(731, 15, 112),
(732, 12, 112),
(733, 8, 112),
(734, 6, 112),
(735, 5, 112),
(741, 18, 113),
(742, 17, 113),
(743, 16, 113),
(744, 30, 113),
(745, 15, 113),
(746, 12, 113),
(747, 8, 113),
(748, 6, 113),
(749, 5, 113),
(755, 30, 114),
(756, 15, 114),
(757, 12, 114),
(758, 8, 114),
(759, 6, 114),
(760, 5, 114),
(761, 30, 115),
(762, 15, 115),
(763, 12, 115),
(764, 8, 115),
(765, 6, 115),
(766, 5, 115),
(767, 18, 116),
(768, 17, 116),
(769, 16, 116),
(770, 30, 116),
(771, 15, 116),
(772, 14, 116),
(773, 13, 116),
(774, 12, 116),
(775, 11, 116),
(776, 10, 116),
(777, 9, 116),
(778, 8, 116),
(779, 7, 116),
(780, 6, 116),
(781, 5, 116),
(782, 18, 117),
(783, 17, 117),
(784, 16, 117),
(785, 30, 117),
(786, 15, 117),
(787, 14, 117),
(788, 13, 117),
(789, 12, 117),
(790, 11, 117),
(791, 10, 117),
(792, 9, 117),
(793, 8, 117),
(794, 7, 117),
(795, 6, 117),
(796, 5, 117),
(797, 30, 118),
(798, 17, 118),
(799, 5, 118),
(800, 31, 118),
(801, 15, 118),
(802, 8, 118),
(803, 9, 118),
(804, 6, 118),
(805, 12, 118),
(806, 17, 119),
(807, 30, 119),
(808, 31, 119),
(809, 12, 119),
(810, 9, 119),
(811, 15, 119),
(812, 8, 119),
(813, 6, 119),
(814, 5, 119),
(815, 41, 119),
(816, 42, 119),
(817, 47, 119),
(818, 45, 119),
(819, 44, 119),
(820, 49, 119),
(821, 17, 120),
(822, 30, 120),
(823, 31, 120),
(824, 12, 120),
(825, 9, 120),
(826, 15, 120),
(827, 8, 120),
(828, 6, 120),
(829, 5, 120),
(830, 41, 120),
(831, 42, 120),
(832, 47, 120),
(833, 45, 120),
(834, 44, 120),
(835, 49, 120),
(836, 16, 121),
(837, 31, 121),
(838, 42, 121),
(839, 60, 121),
(840, 29, 121),
(841, 55, 121),
(842, 17, 122),
(843, 30, 122),
(844, 31, 122),
(845, 12, 122),
(846, 9, 122),
(847, 8, 122),
(848, 6, 122),
(849, 5, 122),
(850, 15, 122),
(851, 42, 122),
(852, 41, 122),
(853, 49, 122),
(854, 47, 122),
(855, 45, 122),
(856, 44, 122),
(857, 59, 122),
(858, 61, 122),
(859, 17, 123),
(860, 30, 123),
(861, 31, 123),
(862, 12, 123),
(863, 9, 123),
(864, 8, 123),
(865, 6, 123),
(866, 5, 123),
(867, 15, 123),
(868, 42, 123),
(869, 41, 123),
(870, 49, 123),
(871, 47, 123),
(872, 45, 123),
(873, 44, 123),
(874, 59, 123),
(875, 61, 123),
(876, 16, 124),
(878, 17, 124),
(879, 18, 124),
(885, 32, 124),
(886, 30, 124),
(890, 31, 124),
(891, 14, 124),
(892, 13, 124),
(893, 11, 124),
(894, 12, 124),
(895, 9, 124),
(896, 8, 124),
(897, 7, 124),
(898, 6, 124),
(899, 5, 124),
(900, 15, 124),
(901, 42, 124),
(902, 41, 124),
(903, 60, 124),
(904, 69, 124),
(905, 49, 124),
(906, 47, 124),
(907, 48, 124),
(908, 46, 124),
(909, 45, 124),
(910, 44, 124),
(911, 43, 124),
(912, 68, 124),
(913, 67, 124),
(914, 59, 124),
(915, 58, 124),
(916, 61, 124),
(917, 62, 124),
(918, 64, 124),
(919, 63, 124),
(920, 65, 124),
(921, 66, 124),
(922, 70, 124),
(923, 29, 124),
(924, 39, 124),
(925, 55, 124),
(926, 56, 124),
(927, 54, 124),
(928, 53, 124),
(929, 52, 124),
(930, 51, 124),
(931, 50, 124),
(932, 57, 124),
(933, 17, 125),
(934, 30, 125),
(935, 31, 125),
(936, 12, 125),
(937, 9, 125),
(938, 8, 125),
(939, 6, 125),
(940, 5, 125),
(941, 15, 125),
(942, 42, 125),
(943, 41, 125),
(944, 49, 125),
(945, 47, 125),
(946, 45, 125),
(947, 44, 125),
(948, 59, 125),
(949, 61, 125),
(950, 17, 126),
(951, 30, 126),
(952, 31, 126),
(953, 12, 126),
(954, 9, 126),
(955, 8, 126),
(956, 6, 126),
(957, 5, 126),
(958, 15, 126),
(959, 42, 126),
(960, 41, 126),
(961, 49, 126),
(962, 47, 126),
(963, 45, 126),
(964, 44, 126),
(965, 59, 126),
(966, 61, 126),
(967, 16, 127),
(969, 17, 127),
(970, 18, 127),
(976, 32, 127),
(977, 30, 127),
(981, 31, 127),
(982, 14, 127),
(983, 13, 127),
(984, 11, 127),
(985, 12, 127),
(986, 9, 127),
(987, 8, 127),
(988, 7, 127),
(989, 6, 127),
(990, 5, 127),
(991, 15, 127),
(992, 42, 127),
(993, 41, 127),
(994, 60, 127),
(995, 69, 127),
(996, 49, 127),
(997, 47, 127),
(998, 48, 127),
(999, 46, 127),
(1000, 45, 127),
(1001, 44, 127),
(1002, 43, 127),
(1003, 68, 127),
(1004, 67, 127),
(1005, 59, 127),
(1006, 58, 127),
(1007, 61, 127),
(1008, 62, 127),
(1009, 64, 127),
(1010, 63, 127),
(1011, 65, 127),
(1012, 66, 127),
(1013, 70, 127),
(1014, 29, 127),
(1015, 39, 127),
(1016, 55, 127),
(1017, 56, 127),
(1018, 54, 127),
(1019, 53, 127),
(1020, 52, 127),
(1021, 51, 127),
(1022, 50, 127),
(1023, 57, 127),
(1027, 7, 128),
(1028, 6, 128),
(1029, 5, 128),
(1030, 15, 128),
(1031, 42, 128),
(1032, 41, 128),
(1033, 61, 128),
(1034, 63, 128),
(1035, 65, 128),
(1036, 66, 128),
(1037, 70, 128),
(1038, 29, 128),
(1039, 39, 128),
(1040, 50, 128),
(1041, 57, 128),
(1042, 17, 129),
(1043, 30, 129),
(1044, 31, 129),
(1045, 12, 129),
(1046, 9, 129),
(1047, 8, 129),
(1048, 6, 129),
(1049, 5, 129),
(1050, 15, 129),
(1051, 42, 129),
(1052, 41, 129),
(1053, 49, 129),
(1054, 47, 129),
(1055, 45, 129),
(1056, 44, 129),
(1057, 59, 129),
(1058, 61, 129),
(1059, 16, 130),
(1061, 17, 130),
(1062, 18, 130),
(1068, 32, 130),
(1069, 30, 130),
(1073, 31, 130),
(1074, 14, 130),
(1075, 13, 130),
(1076, 11, 130),
(1077, 12, 130),
(1078, 9, 130),
(1079, 8, 130),
(1080, 7, 130),
(1081, 6, 130),
(1082, 5, 130),
(1083, 15, 130),
(1084, 42, 130),
(1085, 41, 130),
(1086, 60, 130),
(1087, 69, 130),
(1088, 49, 130),
(1089, 47, 130),
(1090, 48, 130),
(1091, 46, 130),
(1092, 45, 130),
(1093, 44, 130),
(1094, 43, 130),
(1095, 68, 130),
(1096, 67, 130),
(1097, 59, 130),
(1098, 58, 130),
(1099, 61, 130),
(1100, 62, 130),
(1101, 64, 130),
(1102, 63, 130),
(1103, 65, 130),
(1104, 66, 130),
(1105, 70, 130),
(1106, 29, 130),
(1107, 39, 130),
(1108, 55, 130),
(1109, 56, 130),
(1110, 54, 130),
(1111, 53, 130),
(1112, 52, 130),
(1113, 51, 130),
(1114, 50, 130),
(1115, 57, 130),
(1116, 16, 131),
(1118, 17, 131),
(1119, 18, 131),
(1124, 10, 131),
(1125, 9, 131),
(1126, 6, 131),
(1127, 5, 131),
(1128, 15, 131),
(1129, 42, 131),
(1130, 41, 131),
(1131, 63, 131),
(1132, 65, 131),
(1133, 66, 131),
(1134, 70, 131),
(1135, 29, 131),
(1136, 39, 131),
(1137, 53, 131),
(1138, 52, 131),
(1139, 51, 131),
(1140, 50, 131),
(1141, 57, 131),
(1142, 16, 132),
(1144, 17, 132),
(1145, 18, 132),
(1151, 32, 132),
(1152, 30, 132),
(1156, 31, 132),
(1157, 14, 132),
(1158, 13, 132),
(1159, 11, 132),
(1160, 12, 132),
(1161, 9, 132),
(1162, 8, 132),
(1163, 7, 132),
(1164, 6, 132),
(1165, 5, 132),
(1166, 15, 132),
(1167, 42, 132),
(1168, 41, 132),
(1169, 60, 132),
(1170, 69, 132),
(1171, 49, 132),
(1172, 47, 132),
(1173, 48, 132),
(1174, 46, 132),
(1175, 45, 132),
(1176, 44, 132),
(1177, 43, 132),
(1178, 68, 132),
(1179, 67, 132),
(1180, 59, 132),
(1181, 58, 132),
(1182, 61, 132),
(1183, 62, 132),
(1184, 64, 132),
(1185, 63, 132),
(1186, 65, 132),
(1187, 66, 132),
(1188, 70, 132),
(1189, 29, 132),
(1190, 39, 132),
(1191, 55, 132),
(1192, 56, 132),
(1193, 54, 132),
(1194, 53, 132),
(1195, 52, 132),
(1196, 51, 132),
(1197, 50, 132),
(1198, 57, 132),
(1199, 17, 133),
(1200, 30, 133),
(1201, 31, 133),
(1202, 12, 133),
(1203, 9, 133),
(1204, 8, 133),
(1205, 6, 133),
(1206, 5, 133),
(1207, 15, 133),
(1208, 42, 133),
(1209, 41, 133),
(1210, 49, 133),
(1211, 47, 133),
(1212, 45, 133),
(1213, 44, 133),
(1214, 59, 133),
(1215, 61, 133),
(1216, 16, 134),
(1218, 17, 134),
(1219, 18, 134),
(1225, 32, 134),
(1226, 30, 134),
(1230, 31, 134),
(1231, 14, 134),
(1232, 13, 134),
(1233, 11, 134),
(1234, 12, 134),
(1235, 9, 134),
(1236, 8, 134),
(1237, 7, 134),
(1238, 6, 134),
(1239, 5, 134),
(1240, 15, 134),
(1241, 42, 134),
(1242, 41, 134),
(1243, 60, 134),
(1244, 69, 134),
(1245, 49, 134),
(1246, 47, 134),
(1247, 48, 134),
(1248, 46, 134),
(1249, 45, 134),
(1250, 44, 134),
(1251, 43, 134),
(1252, 68, 134),
(1253, 67, 134),
(1254, 59, 134),
(1255, 58, 134),
(1256, 61, 134),
(1257, 62, 134),
(1258, 64, 134),
(1259, 63, 134),
(1260, 65, 134),
(1261, 66, 134),
(1262, 70, 134),
(1263, 29, 134),
(1264, 39, 134),
(1265, 55, 134),
(1266, 56, 134),
(1267, 54, 134),
(1268, 53, 134),
(1269, 52, 134),
(1270, 51, 134),
(1271, 50, 134),
(1272, 57, 134),
(1273, 16, 135),
(1275, 17, 135),
(1276, 18, 135),
(1282, 32, 135),
(1283, 30, 135),
(1287, 31, 135),
(1288, 14, 135),
(1289, 13, 135),
(1290, 11, 135),
(1291, 12, 135),
(1292, 9, 135),
(1293, 8, 135),
(1294, 7, 135),
(1295, 6, 135),
(1296, 5, 135),
(1297, 15, 135),
(1298, 42, 135),
(1299, 41, 135),
(1300, 60, 135),
(1301, 69, 135),
(1302, 49, 135),
(1303, 47, 135),
(1304, 48, 135),
(1305, 46, 135),
(1306, 45, 135),
(1307, 44, 135),
(1308, 43, 135),
(1309, 68, 135),
(1310, 67, 135),
(1311, 59, 135),
(1312, 58, 135),
(1313, 61, 135),
(1314, 62, 135),
(1315, 64, 135),
(1316, 63, 135),
(1317, 65, 135),
(1318, 66, 135),
(1319, 70, 135),
(1320, 29, 135),
(1321, 39, 135),
(1322, 55, 135),
(1323, 56, 135),
(1324, 54, 135),
(1325, 53, 135),
(1326, 52, 135),
(1327, 51, 135),
(1328, 50, 135),
(1329, 57, 135),
(1330, 17, 136),
(1331, 30, 136),
(1332, 31, 136),
(1333, 12, 136),
(1334, 9, 136),
(1335, 8, 136),
(1336, 6, 136),
(1337, 5, 136),
(1338, 15, 136),
(1339, 42, 136),
(1340, 41, 136),
(1341, 49, 136),
(1342, 47, 136),
(1343, 45, 136),
(1344, 44, 136),
(1345, 59, 136),
(1346, 61, 136),
(1348, 17, 137),
(1349, 18, 137),
(1353, 32, 137),
(1355, 30, 137),
(1356, 31, 137),
(1357, 12, 137),
(1358, 9, 137),
(1359, 8, 137),
(1360, 6, 137),
(1361, 5, 137),
(1362, 15, 137),
(1363, 42, 137),
(1364, 41, 137),
(1365, 49, 137),
(1366, 47, 137),
(1367, 45, 137),
(1368, 44, 137),
(1369, 59, 137),
(1370, 61, 137),
(1371, 16, 138),
(1372, 17, 138),
(1373, 18, 138),
(1380, 30, 138),
(1381, 15, 138),
(1382, 31, 138),
(1383, 12, 138),
(1384, 9, 138),
(1385, 8, 138),
(1386, 6, 138),
(1387, 5, 138),
(1388, 42, 138),
(1389, 41, 138),
(1390, 47, 138),
(1391, 45, 138),
(1392, 44, 138),
(1393, 49, 138),
(1394, 61, 138),
(1395, 59, 138),
(1396, 16, 139),
(1397, 17, 139),
(1398, 18, 139),
(1406, 32, 139),
(1407, 30, 139),
(1408, 15, 139),
(1409, 31, 139),
(1410, 12, 139),
(1411, 9, 139),
(1412, 8, 139),
(1413, 6, 139),
(1414, 5, 139),
(1415, 42, 139),
(1416, 41, 139),
(1417, 47, 139),
(1418, 45, 139),
(1419, 44, 139),
(1420, 49, 139),
(1421, 61, 139),
(1422, 59, 139),
(1423, 17, 140),
(1426, 30, 140),
(1427, 15, 140),
(1428, 31, 140),
(1429, 12, 140),
(1430, 9, 140),
(1431, 8, 140),
(1432, 6, 140),
(1433, 5, 140),
(1434, 42, 140),
(1435, 41, 140),
(1436, 47, 140),
(1437, 45, 140),
(1438, 44, 140),
(1439, 49, 140),
(1440, 61, 140),
(1441, 59, 140),
(1442, 16, 141),
(1443, 17, 141),
(1444, 18, 141),
(1452, 32, 141),
(1457, 15, 141),
(1458, 31, 141),
(1459, 12, 141),
(1460, 9, 141),
(1461, 8, 141),
(1462, 6, 141),
(1463, 5, 141),
(1464, 42, 141),
(1465, 41, 141),
(1466, 47, 141),
(1467, 45, 141),
(1468, 44, 141),
(1469, 49, 141),
(1470, 61, 141),
(1471, 59, 141),
(1472, 16, 142),
(1473, 17, 142),
(1474, 18, 142),
(1481, 32, 142),
(1482, 30, 142),
(1483, 15, 142),
(1484, 31, 142),
(1485, 12, 142),
(1486, 9, 142),
(1487, 8, 142),
(1488, 6, 142),
(1489, 5, 142),
(1490, 42, 142),
(1491, 41, 142),
(1492, 49, 142),
(1493, 47, 142),
(1494, 45, 142),
(1495, 44, 142),
(1496, 61, 142),
(1497, 59, 142),
(1498, 17, 143),
(1499, 18, 143),
(1505, 32, 143),
(1506, 30, 143),
(1510, 15, 143),
(1511, 12, 143),
(1512, 31, 143),
(1513, 9, 143),
(1514, 8, 143),
(1515, 6, 143),
(1516, 5, 143),
(1517, 42, 143),
(1518, 41, 143),
(1519, 49, 143),
(1520, 47, 143),
(1521, 45, 143),
(1522, 44, 143),
(1523, 61, 143),
(1524, 59, 143),
(1525, 17, 144),
(1526, 30, 144),
(1527, 15, 144),
(1528, 12, 144),
(1529, 31, 144),
(1530, 9, 144),
(1531, 8, 144),
(1532, 6, 144),
(1533, 5, 144),
(1534, 42, 144),
(1535, 41, 144),
(1536, 49, 144),
(1537, 47, 144),
(1538, 45, 144),
(1539, 44, 144),
(1540, 61, 144),
(1541, 59, 144),
(1542, 39, 144),
(1543, 53, 144),
(1544, 51, 144),
(1545, 17, 145),
(1546, 15, 145),
(1547, 41, 145),
(1548, 48, 145),
(1549, 39, 145),
(1550, 55, 145),
(1558, 17, 148),
(1559, 30, 148),
(1561, 15, 148),
(1562, 12, 148),
(1563, 31, 148),
(1564, 9, 148),
(1565, 8, 148),
(1566, 6, 148),
(1567, 5, 148),
(1568, 42, 148),
(1569, 41, 148),
(1570, 47, 148),
(1571, 45, 148),
(1572, 44, 148),
(1573, 61, 148),
(1574, 59, 148),
(1575, 53, 148),
(1576, 51, 148),
(1577, 17, 149),
(1578, 30, 149),
(1580, 15, 149),
(1581, 12, 149),
(1582, 31, 149),
(1583, 9, 149),
(1584, 8, 149),
(1585, 6, 149),
(1586, 5, 149),
(1587, 42, 149),
(1588, 41, 149),
(1589, 47, 149),
(1590, 45, 149),
(1591, 44, 149),
(1592, 61, 149),
(1593, 59, 149),
(1594, 53, 149),
(1595, 51, 149),
(1596, 17, 150),
(1597, 30, 150),
(1599, 15, 150),
(1600, 12, 150),
(1601, 31, 150),
(1602, 9, 150),
(1603, 8, 150),
(1604, 6, 150),
(1605, 5, 150),
(1606, 42, 150),
(1607, 41, 150),
(1608, 47, 150),
(1609, 45, 150),
(1610, 44, 150),
(1611, 61, 150),
(1612, 59, 150),
(1613, 53, 150),
(1614, 51, 150),
(1619, 32, 151),
(1621, 30, 151),
(1624, 16, 151),
(1626, 17, 151),
(1627, 15, 151),
(1628, 14, 151),
(1629, 13, 151),
(1630, 12, 151),
(1631, 9, 151),
(1632, 8, 151),
(1633, 6, 151),
(1634, 42, 151),
(1635, 41, 151),
(1636, 48, 151),
(1637, 47, 151),
(1638, 46, 151),
(1639, 45, 151),
(1640, 44, 151),
(1641, 49, 151),
(1642, 58, 151),
(1643, 70, 151),
(1644, 69, 151),
(1645, 68, 151),
(1646, 67, 151),
(1647, 64, 151),
(1648, 63, 151),
(1649, 62, 151),
(1650, 61, 151),
(1651, 60, 151),
(1652, 59, 151),
(1653, 43, 151),
(1654, 65, 151),
(1655, 29, 151),
(1656, 39, 151),
(1657, 55, 151),
(1658, 53, 151),
(1659, 56, 151),
(1660, 57, 151),
(1661, 51, 151),
(1662, 54, 151),
(1663, 50, 151),
(1664, 74, 151),
(1667, 16, 152),
(1669, 17, 152),
(1670, 12, 152),
(1671, 9, 152),
(1672, 8, 152),
(1673, 6, 152),
(1674, 42, 152),
(1675, 41, 152),
(1676, 64, 152),
(1677, 63, 152),
(1678, 62, 152),
(1679, 61, 152),
(1680, 60, 152),
(1681, 59, 152),
(1682, 43, 152),
(1683, 65, 152),
(1684, 29, 152),
(1685, 39, 152),
(1686, 53, 152),
(1687, 57, 152),
(1688, 51, 152),
(1689, 54, 152),
(1690, 50, 152),
(1691, 74, 152),
(1692, 30, 153),
(1694, 17, 153),
(1695, 15, 153),
(1696, 12, 153),
(1697, 9, 153),
(1698, 8, 153),
(1699, 6, 153),
(1700, 5, 153),
(1701, 31, 153),
(1702, 42, 153),
(1703, 41, 153),
(1704, 47, 153),
(1705, 45, 153),
(1706, 44, 153),
(1707, 61, 153),
(1708, 59, 153),
(1709, 53, 153),
(1710, 51, 153),
(1711, 30, 154),
(1713, 17, 154),
(1714, 15, 154),
(1715, 12, 154),
(1716, 9, 154),
(1717, 8, 154),
(1718, 6, 154),
(1719, 5, 154),
(1720, 31, 154),
(1721, 42, 154),
(1722, 41, 154),
(1723, 47, 154),
(1724, 45, 154),
(1725, 44, 154),
(1726, 61, 154),
(1727, 60, 154),
(1728, 59, 154),
(1729, 53, 154),
(1730, 51, 154),
(1731, 30, 155),
(1733, 17, 155),
(1734, 15, 155),
(1735, 12, 155),
(1736, 9, 155),
(1737, 8, 155),
(1738, 6, 155),
(1739, 5, 155),
(1740, 31, 155),
(1741, 42, 155),
(1742, 41, 155),
(1743, 47, 155),
(1744, 45, 155),
(1745, 44, 155),
(1746, 61, 155),
(1747, 60, 155),
(1748, 59, 155),
(1749, 53, 155),
(1750, 51, 155),
(1751, 30, 156),
(1753, 17, 156),
(1754, 15, 156),
(1755, 12, 156),
(1756, 9, 156),
(1757, 8, 156),
(1758, 6, 156),
(1759, 5, 156),
(1760, 31, 156),
(1761, 42, 156),
(1762, 41, 156),
(1763, 47, 156),
(1764, 45, 156),
(1765, 44, 156),
(1766, 61, 156),
(1767, 60, 156),
(1768, 59, 156),
(1769, 53, 156),
(1770, 51, 156),
(1771, 18, 157),
(1777, 32, 157),
(1779, 30, 157),
(1782, 16, 157),
(1784, 17, 157),
(1785, 15, 157),
(1786, 14, 157),
(1787, 13, 157),
(1788, 12, 157),
(1789, 9, 157),
(1790, 8, 157),
(1791, 7, 157),
(1792, 6, 157),
(1793, 5, 157),
(1794, 31, 157),
(1795, 42, 157),
(1796, 41, 157),
(1797, 48, 157),
(1798, 47, 157),
(1799, 46, 157),
(1800, 45, 157),
(1801, 44, 157),
(1802, 49, 157),
(1803, 58, 157),
(1804, 70, 157),
(1805, 69, 157),
(1806, 68, 157),
(1807, 67, 157),
(1808, 66, 157),
(1809, 64, 157),
(1810, 63, 157),
(1811, 62, 157),
(1812, 61, 157),
(1813, 60, 157),
(1814, 59, 157),
(1815, 43, 157),
(1816, 65, 157),
(1817, 29, 157),
(1818, 39, 157),
(1819, 55, 157),
(1820, 53, 157),
(1821, 56, 157),
(1822, 57, 157),
(1823, 52, 157),
(1824, 51, 157),
(1825, 54, 157),
(1826, 50, 157),
(1827, 30, 158),
(1829, 17, 158),
(1830, 12, 158),
(1831, 9, 158),
(1832, 8, 158),
(1833, 6, 158),
(1834, 15, 158),
(1835, 5, 158),
(1836, 31, 158),
(1837, 41, 158),
(1838, 42, 158),
(1839, 59, 158),
(1840, 61, 158),
(1841, 60, 158),
(1842, 47, 158),
(1843, 45, 158),
(1844, 44, 158),
(1845, 53, 158),
(1846, 51, 158),
(1847, 79, 158),
(1848, 78, 158),
(1849, 81, 158),
(1850, 84, 158),
(1851, 74, 158),
(1852, 30, 159),
(1855, 16, 159),
(1856, 17, 159),
(1857, 12, 159),
(1858, 9, 159),
(1859, 8, 159),
(1860, 6, 159),
(1861, 15, 159),
(1862, 5, 159),
(1863, 31, 159),
(1864, 41, 159),
(1865, 42, 159),
(1866, 59, 159),
(1867, 61, 159),
(1868, 60, 159),
(1869, 47, 159),
(1870, 45, 159),
(1871, 44, 159),
(1872, 53, 159),
(1873, 51, 159),
(1874, 79, 159),
(1875, 78, 159),
(1876, 81, 159),
(1877, 84, 159),
(1878, 74, 159),
(1883, 30, 160),
(1885, 17, 160),
(1886, 12, 160),
(1887, 9, 160),
(1888, 8, 160),
(1889, 6, 160),
(1890, 15, 160),
(1891, 5, 160),
(1892, 31, 160),
(1893, 41, 160),
(1894, 42, 160),
(1895, 59, 160),
(1896, 61, 160),
(1897, 60, 160),
(1898, 47, 160),
(1899, 45, 160),
(1900, 44, 160),
(1901, 53, 160),
(1902, 51, 160),
(1903, 79, 160),
(1904, 78, 160),
(1905, 81, 160),
(1906, 84, 160),
(1907, 74, 160),
(1913, 30, 161),
(1915, 17, 161),
(1916, 12, 161),
(1917, 9, 161),
(1918, 8, 161),
(1919, 6, 161),
(1920, 15, 161),
(1921, 5, 161),
(1922, 31, 161),
(1923, 41, 161),
(1924, 42, 161),
(1925, 59, 161),
(1926, 61, 161),
(1927, 60, 161),
(1928, 47, 161),
(1929, 45, 161),
(1930, 44, 161),
(1931, 53, 161),
(1932, 51, 161),
(1933, 79, 161),
(1934, 78, 161),
(1935, 81, 161),
(1936, 84, 161),
(1937, 74, 161),
(1943, 32, 162),
(1945, 30, 162),
(1947, 17, 162),
(1948, 12, 162),
(1949, 9, 162),
(1950, 8, 162),
(1951, 6, 162),
(1952, 15, 162),
(1953, 5, 162),
(1954, 31, 162),
(1955, 41, 162),
(1956, 42, 162),
(1957, 59, 162),
(1958, 61, 162),
(1959, 60, 162),
(1960, 47, 162),
(1961, 45, 162),
(1962, 44, 162),
(1963, 53, 162),
(1964, 51, 162),
(1965, 79, 162),
(1966, 78, 162),
(1967, 81, 162),
(1968, 84, 162),
(1969, 74, 162),
(1975, 32, 163),
(1977, 30, 163),
(1981, 16, 163),
(1982, 17, 163),
(1983, 18, 163),
(1985, 12, 163),
(1986, 9, 163),
(1987, 8, 163),
(1988, 6, 163),
(1989, 15, 163),
(1990, 5, 163),
(1991, 31, 163),
(1992, 41, 163),
(1993, 42, 163),
(1994, 59, 163),
(1995, 61, 163),
(1996, 60, 163),
(1997, 47, 163),
(1998, 45, 163),
(1999, 44, 163),
(2000, 53, 163),
(2001, 51, 163),
(2002, 79, 163),
(2003, 78, 163),
(2004, 81, 163),
(2005, 84, 163),
(2006, 74, 163),
(2008, 30, 164),
(2010, 17, 164),
(2011, 12, 164),
(2012, 9, 164),
(2013, 8, 164),
(2014, 6, 164),
(2015, 15, 164),
(2016, 5, 164),
(2017, 31, 164),
(2018, 41, 164),
(2019, 42, 164),
(2020, 59, 164),
(2021, 61, 164),
(2022, 60, 164),
(2023, 47, 164),
(2024, 45, 164),
(2025, 44, 164),
(2026, 53, 164),
(2027, 51, 164),
(2028, 79, 164),
(2029, 78, 164),
(2030, 81, 164),
(2031, 84, 164),
(2032, 74, 164),
(2038, 32, 165),
(2040, 30, 165),
(2044, 17, 165),
(2045, 12, 165),
(2046, 9, 165),
(2047, 8, 165),
(2048, 6, 165),
(2049, 15, 165),
(2050, 5, 165),
(2051, 31, 165),
(2052, 41, 165),
(2053, 42, 165),
(2054, 59, 165),
(2055, 61, 165),
(2056, 60, 165),
(2057, 47, 165),
(2058, 45, 165),
(2059, 44, 165),
(2060, 53, 165),
(2061, 51, 165),
(2062, 79, 165),
(2063, 78, 165),
(2064, 81, 165),
(2065, 84, 165),
(2066, 74, 165),
(2067, 30, 166),
(2069, 17, 166),
(2070, 12, 166),
(2071, 9, 166),
(2072, 8, 166),
(2073, 6, 166),
(2074, 15, 166),
(2075, 5, 166),
(2076, 31, 166),
(2077, 41, 166),
(2078, 42, 166),
(2079, 59, 166),
(2080, 61, 166),
(2081, 60, 166),
(2082, 47, 166),
(2083, 45, 166),
(2084, 44, 166),
(2085, 53, 166),
(2086, 51, 166),
(2087, 79, 166),
(2088, 78, 166),
(2089, 81, 166),
(2090, 84, 166),
(2091, 74, 166),
(2092, 30, 167),
(2093, 13, 167),
(2094, 12, 167),
(2095, 15, 167),
(2096, 31, 167),
(2097, 42, 167),
(2098, 61, 167),
(2099, 78, 167),
(2100, 81, 167),
(2101, 84, 167),
(2102, 74, 167),
(2104, 17, 168),
(2105, 9, 168),
(2106, 8, 168),
(2107, 6, 168),
(2108, 5, 168),
(2109, 41, 168),
(2110, 59, 168),
(2111, 60, 168),
(2112, 47, 168),
(2113, 45, 168),
(2114, 44, 168),
(2115, 53, 168),
(2116, 51, 168),
(2117, 79, 168),
(2119, 17, 169),
(2120, 9, 169),
(2121, 8, 169),
(2122, 6, 169),
(2123, 5, 169),
(2124, 41, 169),
(2125, 59, 169),
(2126, 60, 169),
(2127, 47, 169),
(2128, 45, 169),
(2129, 44, 169),
(2130, 53, 169),
(2131, 51, 169),
(2132, 79, 169),
(2133, 30, 170),
(2134, 13, 170),
(2135, 12, 170),
(2136, 15, 170),
(2137, 31, 170),
(2138, 42, 170),
(2139, 61, 170),
(2140, 78, 170),
(2141, 81, 170),
(2142, 84, 170),
(2143, 74, 170),
(2145, 17, 171),
(2146, 9, 171),
(2147, 8, 171),
(2148, 6, 171),
(2149, 5, 171),
(2150, 41, 171),
(2151, 59, 171),
(2152, 60, 171),
(2153, 47, 171),
(2154, 45, 171),
(2155, 44, 171),
(2156, 53, 171),
(2157, 51, 171),
(2158, 79, 171),
(2160, 17, 172),
(2161, 9, 172),
(2162, 8, 172),
(2163, 6, 172),
(2164, 5, 172),
(2165, 41, 172),
(2166, 59, 172),
(2167, 60, 172),
(2168, 47, 172),
(2169, 45, 172),
(2170, 44, 172),
(2171, 53, 172),
(2172, 51, 172),
(2173, 79, 172),
(2242, 16, 174),
(2243, 17, 174),
(2244, 18, 174),
(2246, 9, 174),
(2247, 8, 174),
(2248, 7, 174),
(2249, 6, 174),
(2250, 5, 174),
(2251, 41, 174),
(2252, 49, 174),
(2253, 58, 174),
(2254, 59, 174),
(2255, 60, 174),
(2256, 48, 174),
(2257, 47, 174),
(2258, 46, 174),
(2259, 45, 174),
(2260, 44, 174),
(2261, 43, 174),
(2262, 39, 174),
(2263, 53, 174),
(2264, 51, 174),
(2265, 57, 174),
(2266, 55, 174),
(2267, 79, 174),
(2268, 75, 174),
(2269, 85, 174),
(2270, 82, 174),
(2273, 16, 175),
(2274, 17, 175),
(2275, 18, 175),
(2277, 9, 175),
(2278, 8, 175),
(2279, 7, 175),
(2280, 6, 175),
(2281, 5, 175),
(2282, 41, 175),
(2283, 49, 175),
(2284, 58, 175),
(2285, 59, 175),
(2286, 60, 175),
(2287, 48, 175),
(2288, 47, 175),
(2289, 46, 175),
(2290, 45, 175),
(2291, 44, 175),
(2292, 43, 175),
(2293, 39, 175),
(2294, 53, 175),
(2295, 51, 175),
(2296, 57, 175),
(2297, 55, 175),
(2298, 79, 175),
(2299, 75, 175),
(2300, 85, 175),
(2301, 82, 175),
(2303, 17, 176),
(2304, 9, 176),
(2305, 8, 176),
(2306, 6, 176),
(2307, 5, 176),
(2308, 41, 176),
(2309, 59, 176),
(2310, 60, 176),
(2311, 47, 176),
(2312, 45, 176),
(2313, 44, 176),
(2314, 53, 176),
(2315, 51, 176),
(2316, 79, 176),
(2317, 17, 177),
(2318, 9, 177),
(2319, 8, 177),
(2320, 6, 177),
(2321, 5, 177),
(2322, 41, 177),
(2323, 59, 177),
(2324, 47, 177),
(2325, 45, 177),
(2326, 44, 177),
(2327, 79, 177),
(2328, 17, 178),
(2329, 9, 178),
(2330, 8, 178),
(2331, 6, 178),
(2332, 5, 178),
(2333, 41, 178),
(2334, 59, 178),
(2335, 47, 178),
(2336, 45, 178),
(2337, 44, 178),
(2338, 79, 178),
(2340, 98, 180),
(2341, 99, 181),
(2342, 100, 181),
(2343, 101, 181),
(2344, 14, 181),
(2345, 42, 181),
(2346, 58, 181),
(2347, 29, 181),
(2348, 57, 181),
(2349, 75, 181),
(2350, 16, 182),
(2351, 18, 182),
(2352, 6, 182),
(2353, 7, 182),
(2354, 8, 182),
(2355, 9, 182),
(2356, 5, 182),
(2357, 41, 182),
(2358, 58, 182),
(2359, 49, 182),
(2360, 48, 182),
(2361, 59, 182),
(2362, 43, 182),
(2363, 44, 182),
(2364, 39, 182),
(2365, 57, 182),
(2366, 55, 182),
(2367, 75, 182),
(2368, 79, 182),
(2369, 82, 182),
(2370, 16, 183),
(2371, 18, 183),
(2372, 6, 183),
(2373, 7, 183),
(2374, 8, 183),
(2375, 9, 183),
(2376, 5, 183),
(2377, 41, 183),
(2378, 49, 183),
(2379, 48, 183),
(2380, 45, 183),
(2381, 46, 183),
(2382, 47, 183),
(2383, 39, 183),
(2384, 57, 183),
(2385, 55, 183),
(2386, 75, 183),
(2387, 79, 183),
(2388, 82, 183),
(2389, 85, 183);

-- --------------------------------------------------------

--
-- Estructura de tabla para la tabla `sesiones`
--

CREATE TABLE `sesiones` (
  `id` int(11) NOT NULL,
  `rut` varchar(10) NOT NULL,
  `estado` char(1) NOT NULL,
  `fecha` timestamp NOT NULL DEFAULT CURRENT_TIMESTAMP ON UPDATE CURRENT_TIMESTAMP
) ENGINE=InnoDB DEFAULT CHARSET=utf8;

--
-- Volcado de datos para la tabla `sesiones`
--

INSERT INTO `sesiones` (`id`, `rut`, `estado`, `fecha`) VALUES
(7, '16198385-3', '0', '2019-08-22 03:21:46'),
(8, '16198385-3', '0', '2019-08-22 03:21:59'),
(9, '16198385-3', '0', '2019-08-22 03:28:35'),
(10, '16198385-3', '0', '2019-08-22 03:32:21'),
(11, '14135652-6', '1', '2019-08-22 03:31:40'),
(12, '16198385-3', '0', '2019-08-22 03:33:56'),
(13, '16198385-3', '0', '2019-08-22 03:34:27'),
(14, '16198385-3', '0', '2019-08-22 03:36:15'),
(15, '16198385-3', '0', '2019-08-22 03:39:05'),
(16, '16198385-3', '0', '2019-08-22 03:45:21'),
(17, '16198385-3', '0', '2019-08-22 03:46:05'),
(18, '16198385-3', '0', '2019-08-22 03:48:04'),
(19, '16198385-3', '0', '2019-08-22 03:48:40'),
(20, '16198385-3', '0', '2019-08-22 03:51:21'),
(21, '16198385-3', '0', '2019-08-22 03:54:35'),
(22, '16198385-3', '0', '2019-08-22 03:55:02'),
(23, '16198385-3', '0', '2019-08-22 03:55:07'),
(24, '16198385-3', '0', '2019-08-22 03:55:32'),
(25, '16198385-3', '0', '2019-08-22 03:56:39'),
(26, '16198385-3', '0', '2019-08-22 03:57:00'),
(27, '16198385-3', '0', '2019-08-22 03:57:20'),
(28, '16198385-3', '0', '2019-08-22 03:57:25'),
(29, '16198385-3', '0', '2019-08-22 03:58:39'),
(30, '16198385-3', '0', '2019-08-22 03:59:36'),
(31, '16198385-3', '0', '2019-08-22 03:59:40'),
(32, '16198385-3', '0', '2019-08-22 03:59:54'),
(33, '16198385-3', '0', '2019-08-22 04:00:07'),
(34, '16198385-3', '0', '2019-08-22 04:00:30'),
(35, '16198385-3', '0', '2019-08-22 04:00:31'),
(36, '16198385-3', '0', '2019-08-23 00:19:23'),
(37, '16198385-3', '0', '2019-08-23 00:19:32'),
(38, '16198385-3', '0', '2019-08-23 00:19:49'),
(39, '16198385-3', '0', '2019-08-23 00:22:06'),
(40, '16198385-3', '0', '2019-08-23 00:23:10'),
(41, '16198385-3', '0', '2019-08-23 00:24:36'),
(42, '16198385-3', '0', '2019-08-23 00:24:49'),
(43, '16198385-3', '0', '2019-08-23 00:25:27'),
(44, '16198385-3', '0', '2019-08-23 00:26:06'),
(45, '16198385-3', '0', '2019-08-23 00:26:26'),
(46, '16198385-3', '0', '2019-08-23 00:30:12'),
(47, '16198385-3', '0', '2019-08-23 00:33:32'),
(48, '16198385-3', '0', '2019-08-23 00:36:19'),
(49, '16198385-3', '0', '2019-08-23 00:36:26'),
(50, '16198385-3', '0', '2019-08-23 00:37:01'),
(51, '16198385-3', '1', '2019-08-23 00:37:01'),
(52, '16198385-3', '1', '2019-08-23 00:41:57'),
(53, '16198385-3', '1', '2019-08-23 00:42:06'),
(54, '16198385-3', '1', '2019-08-23 00:43:46'),
(55, '16198385-3', '1', '2019-08-23 00:58:36'),
(56, '16198385-3', '1', '2019-08-23 00:58:51'),
(57, '16198385-3', '1', '2019-08-23 01:15:36'),
(58, '16198385-3', '1', '2019-08-23 04:10:45'),
(59, '16198385-3', '1', '2019-08-23 04:46:37'),
(60, '16198385-3', '1', '2019-08-23 13:58:16'),
(61, '16198385-3', '1', '2019-08-23 14:06:56'),
(62, '16198385-3', '1', '2019-08-23 15:08:03'),
(63, '16198385-3', '1', '2019-08-23 15:17:05'),
(64, '16198385-3', '1', '2019-08-23 15:49:23'),
(65, '16198385-3', '1', '2019-08-23 15:52:30'),
(66, '16198385-3', '1', '2019-08-23 15:58:58'),
(67, '16198385-3', '1', '2019-08-24 16:10:55'),
(68, '16198385-3', '1', '2019-08-24 16:18:05'),
(69, '16198385-3', '1', '2019-08-30 15:13:40'),
(70, '16198385-3', '1', '2019-08-30 16:14:45'),
(71, '16198385-3', '1', '2019-08-30 16:27:04'),
(72, '16198385-3', '1', '2019-08-30 17:14:04'),
(73, '16198385-3', '1', '2019-08-30 17:16:11'),
(74, '16198385-3', '1', '2019-08-30 18:27:32'),
(75, '16198385-3', '1', '2019-08-30 18:36:06'),
(76, '16198385-3', '1', '2019-08-30 20:56:09'),
(77, '16198385-3', '1', '2019-08-30 22:37:44'),
(78, '16198385-3', '1', '2019-08-31 03:47:51'),
(79, '16198385-3', '1', '2019-08-31 19:57:45'),
(80, '16198385-3', '1', '2019-09-01 03:04:38'),
(81, '16198385-3', '1', '2019-09-01 03:28:33'),
(82, '16198385-3', '1', '2019-09-06 01:51:49'),
(83, '16198385-3', '1', '2019-09-06 03:53:00'),
(84, '16198385-3', '1', '2019-09-06 13:37:30'),
(85, '16198385-3', '1', '2019-09-06 15:01:03'),
(86, '16198385-3', '1', '2019-09-06 15:01:56'),
(87, '16198385-3', '1', '2019-09-08 17:29:49'),
(88, '16198385-3', '1', '2019-09-09 00:58:16'),
(89, '16198385-3', '1', '2019-09-09 01:20:56'),
(90, '16198385-3', '1', '2019-09-09 01:24:13'),
(91, '16198385-3', '1', '2019-09-10 02:12:10'),
(92, '16198385-3', '1', '2019-09-11 00:25:31'),
(93, '16198385-3', '1', '2019-09-13 03:21:49'),
(94, '19960263-2', '1', '2019-09-13 04:25:07'),
(95, '16198385-3', '1', '2019-09-13 04:35:17'),
(96, '16198385-3', '1', '2019-09-13 04:53:10'),
(97, '16198385-3', '1', '2019-09-13 19:12:20'),
(98, '16198385-3', '1', '2019-09-16 00:34:19'),
(99, '7928466-1', '1', '2019-09-16 02:27:35'),
(100, '16198385-3', '1', '2019-09-16 02:29:48'),
(101, '16198385-3', '1', '2019-09-21 02:24:36'),
(102, '16198385-3', '1', '2019-09-21 23:17:21'),
(103, '16198385-3', '1', '2019-09-21 23:30:08'),
(104, '16198385-3', '1', '2019-09-21 23:42:45'),
(105, '16198385-3', '1', '2019-09-26 02:17:18'),
(106, '16198385-3', '1', '2019-09-26 03:11:52'),
(107, '16198385-3', '1', '2019-09-26 21:49:00'),
(108, '16198385-3', '1', '2019-09-26 21:51:54'),
(109, '16198385-3', '1', '2019-09-26 22:00:39'),
(110, '16198385-3', '1', '2019-09-26 22:04:37'),
(111, '16198385-3', '1', '2019-09-26 22:16:09'),
(112, '16198385-3', '1', '2019-09-26 22:16:15'),
(113, '16198385-3', '1', '2019-09-26 22:28:19'),
(114, '23270201-k', '1', '2019-09-26 22:28:23'),
(115, '23270201-k', '1', '2019-09-26 22:28:52'),
(116, '18781798-6', '1', '2019-09-29 19:01:08'),
(117, '18781798-6', '1', '2019-09-29 19:45:28'),
(118, '18781798-6', '1', '2019-09-29 19:48:56'),
(119, '18781798-6', '1', '2019-09-29 19:52:16'),
(120, '18781798-6', '1', '2019-09-29 20:23:13'),
(121, '16198385-3', '1', '2019-09-29 23:32:01'),
(122, '16198385-3', '1', '2019-09-29 23:43:44'),
(123, '16198385-3', '1', '2019-10-02 23:41:09'),
(124, '16198385-3', '1', '2019-10-30 00:51:57'),
(125, '16198385-3', '1', '2019-10-30 00:57:07'),
(126, '16198385-3', '1', '2019-10-30 00:59:57'),
(127, '16198385-3', '1', '2019-10-30 01:04:03'),
(128, '16198385-3', '1', '2019-10-30 01:12:19');

-- --------------------------------------------------------

--
-- Estructura de tabla para la tabla `tipo`
--

CREATE TABLE `tipo` (
  `idtipo` int(11) NOT NULL,
  `nombre` varchar(100) NOT NULL
) ENGINE=InnoDB DEFAULT CHARSET=utf8;

--
-- Volcado de datos para la tabla `tipo`
--

INSERT INTO `tipo` (`idtipo`, `nombre`) VALUES
(0, 'Aceites procesados y refinados'),
(1, 'Maiz'),
(2, 'Arroz integral'),
(3, 'Arroz basmati'),
(4, 'Quinoa'),
(5, 'Verduras'),
(6, 'Fruta'),
(7, 'Amaranto'),
(8, 'Leche de cabra'),
(9, 'Carnes blanca'),
(10, 'Grasas saludables'),
(11, 'Hierbas, condimentos y especies'),
(12, 'Zumos de fruta y verdura'),
(13, 'Té de hierbas, verde, blanco'),
(14, 'Pescado'),
(15, 'Vegetales'),
(16, 'Legumbres'),
(17, 'Pastas y granos integrales'),
(18, 'Huevos orgánicos'),
(19, 'Vino tinto'),
(20, 'Carnes rojas'),
(21, 'Interiores'),
(22, 'Embutidos'),
(23, 'Bebidas alcoholicas'),
(24, 'Lácteos grasos'),
(25, 'Mariscos'),
(26, 'Alimentos ultraprocesados'),
(27, 'Azucares refinados'),
(28, 'Estimulantes'),
(29, 'Cereales integrales'),
(30, 'Lácteos bajo en grasa'),
(31, 'Endulzantes naturales'),
(32, 'Infusiones'),
(33, 'Semillas'),
(34, 'Ácidos grasos monoinsaturados y\r\npoliinsaturados'),
(35, 'Tuberculos'),
(36, 'Frutas deshidratadas'),
(37, 'Harinas blancas'),
(38, 'Postres'),
(39, 'Bebidas de fantasía'),
(40, 'Carbohidratos simples  '),
(41, 'Frutos secos'),
(42, 'Sal refinada'),
(43, 'Aderezos'),
(44, 'Sal de mar o del himalaya'),
(45, 'Soya'),
(46, 'Cruciferas'),
(47, 'Hortalizas verdes'),
(48, 'Comida rápida'),
(49, 'Carbohidratos refinados'),
(50, 'Frituras'),
(51, 'Gluten'),
(52, 'Verduras solanáceas'),
(54, 'Agua'),
(55, 'Condimentos y especies'),
(56, 'Harina integral'),
(57, 'Cereales'),
(58, 'Huevos'),
(59, 'Bebidas vegetales'),
(60, 'Cereal sin gluten');

--
-- Índices para tablas volcadas
--

--
-- Indices de la tabla `administrador`
--
ALTER TABLE `administrador`
  ADD PRIMARY KEY (`rut`);

--
-- Indices de la tabla `alimento`
--
ALTER TABLE `alimento`
  ADD PRIMARY KEY (`idAlimento`),
  ADD KEY `fk_tipo_alimento` (`tipo_alimento`);

--
-- Indices de la tabla `alimento_paciente`
--
ALTER TABLE `alimento_paciente`
  ADD PRIMARY KEY (`idalimento_paciente`),
  ADD KEY `fk_alimento_paciente_alimento` (`alimento_idalimento`),
  ADD KEY `fk_alimento_paciente_paciente` (`paciente_rut`);

--
-- Indices de la tabla `evaluacion_nutricional`
--
ALTER TABLE `evaluacion_nutricional`
  ADD PRIMARY KEY (`idevaluacion_nutricional`),
  ADD KEY `fk_Evalacion_nutricional_Paciente1_idx` (`Paciente_rut`);

--
-- Indices de la tabla `ficha_clinica`
--
ALTER TABLE `ficha_clinica`
  ADD PRIMARY KEY (`id`),
  ADD KEY `fk_ficha_clinica_paciente` (`rut`);

--
-- Indices de la tabla `hechos_bc_permitido`
--
ALTER TABLE `hechos_bc_permitido`
  ADD PRIMARY KEY (`idhechos`),
  ADD KEY `fk_hechos_idpatologia` (`id_patologia`),
  ADD KEY `fk_hechos_idtipoalimento` (`id_tipo_alimento`);

--
-- Indices de la tabla `hechos_bc_restringido`
--
ALTER TABLE `hechos_bc_restringido`
  ADD PRIMARY KEY (`id_hechos_r`),
  ADD KEY `fk_hechos_restringdo_idpatologia` (`id_patologia`),
  ADD KEY `fk_hechos_restringdo_idtipo_alimento` (`id_tipo_alimento`);

--
-- Indices de la tabla `minutas`
--
ALTER TABLE `minutas`
  ADD PRIMARY KEY (`idMinutas`),
  ADD KEY `fk_Minutas_Paciente1_idx` (`Paciente_rut`);

--
-- Indices de la tabla `nutricionista`
--
ALTER TABLE `nutricionista`
  ADD PRIMARY KEY (`rut`);

--
-- Indices de la tabla `paciente`
--
ALTER TABLE `paciente`
  ADD PRIMARY KEY (`rut`),
  ADD KEY `fk_Paciente_Nutricionista1_idx` (`Nutricionista_rut`);

--
-- Indices de la tabla `paciente_patologia`
--
ALTER TABLE `paciente_patologia`
  ADD PRIMARY KEY (`idPaciente_patologia`),
  ADD KEY `fk_Paciente_patologia_Patologia1_idx` (`Patologia_idPatologia`),
  ADD KEY `fk_Paciente_patologia_Paciente1_idx` (`Paciente_rut`);

--
-- Indices de la tabla `patologia`
--
ALTER TABLE `patologia`
  ADD PRIMARY KEY (`idPatologia`);

--
-- Indices de la tabla `porcen_grasa`
--
ALTER TABLE `porcen_grasa`
  ADD PRIMARY KEY (`id`);

--
-- Indices de la tabla `preparacion`
--
ALTER TABLE `preparacion`
  ADD PRIMARY KEY (`idpreparacion`);

--
-- Indices de la tabla `preparacion_alimento`
--
ALTER TABLE `preparacion_alimento`
  ADD PRIMARY KEY (`idpreparacion_alimento`),
  ADD KEY `fk_preparacion_alimento_preparacion` (`preparacion_idpreparacion`),
  ADD KEY `fk_preparacion_alimento_alimento` (`alimento_idalimento`);

--
-- Indices de la tabla `preparacion_minuta`
--
ALTER TABLE `preparacion_minuta`
  ADD PRIMARY KEY (`idpreparacion_minuta`),
  ADD KEY `fk_preparacion_minuta_preparacion` (`preparacion_idpreparacion`),
  ADD KEY `fk_preparacion_minuta_minuta` (`minuta_idminuta`);

--
-- Indices de la tabla `sesiones`
--
ALTER TABLE `sesiones`
  ADD PRIMARY KEY (`id`),
  ADD KEY `fk_sesion_nutricionista` (`rut`);

--
-- Indices de la tabla `tipo`
--
ALTER TABLE `tipo`
  ADD PRIMARY KEY (`idtipo`);

--
-- AUTO_INCREMENT de las tablas volcadas
--

--
-- AUTO_INCREMENT de la tabla `alimento`
--
ALTER TABLE `alimento`
  MODIFY `idAlimento` int(11) NOT NULL AUTO_INCREMENT, AUTO_INCREMENT=196;
--
-- AUTO_INCREMENT de la tabla `alimento_paciente`
--
ALTER TABLE `alimento_paciente`
  MODIFY `idalimento_paciente` int(11) NOT NULL AUTO_INCREMENT, AUTO_INCREMENT=13;
--
-- AUTO_INCREMENT de la tabla `evaluacion_nutricional`
--
ALTER TABLE `evaluacion_nutricional`
  MODIFY `idevaluacion_nutricional` int(11) NOT NULL AUTO_INCREMENT, AUTO_INCREMENT=120;
--
-- AUTO_INCREMENT de la tabla `ficha_clinica`
--
ALTER TABLE `ficha_clinica`
  MODIFY `id` int(11) NOT NULL AUTO_INCREMENT, AUTO_INCREMENT=36;
--
-- AUTO_INCREMENT de la tabla `hechos_bc_permitido`
--
ALTER TABLE `hechos_bc_permitido`
  MODIFY `idhechos` int(11) NOT NULL AUTO_INCREMENT, AUTO_INCREMENT=239;
--
-- AUTO_INCREMENT de la tabla `hechos_bc_restringido`
--
ALTER TABLE `hechos_bc_restringido`
  MODIFY `id_hechos_r` int(11) NOT NULL AUTO_INCREMENT, AUTO_INCREMENT=274;
--
-- AUTO_INCREMENT de la tabla `minutas`
--
ALTER TABLE `minutas`
  MODIFY `idMinutas` int(11) NOT NULL AUTO_INCREMENT, AUTO_INCREMENT=186;
--
-- AUTO_INCREMENT de la tabla `paciente_patologia`
--
ALTER TABLE `paciente_patologia`
  MODIFY `idPaciente_patologia` int(11) NOT NULL AUTO_INCREMENT, AUTO_INCREMENT=213;
--
-- AUTO_INCREMENT de la tabla `patologia`
--
ALTER TABLE `patologia`
  MODIFY `idPatologia` int(11) NOT NULL AUTO_INCREMENT, AUTO_INCREMENT=19;
--
-- AUTO_INCREMENT de la tabla `porcen_grasa`
--
ALTER TABLE `porcen_grasa`
  MODIFY `id` int(11) NOT NULL AUTO_INCREMENT, AUTO_INCREMENT=77;
--
-- AUTO_INCREMENT de la tabla `preparacion`
--
ALTER TABLE `preparacion`
  MODIFY `idpreparacion` int(11) NOT NULL AUTO_INCREMENT, AUTO_INCREMENT=106;
--
-- AUTO_INCREMENT de la tabla `preparacion_alimento`
--
ALTER TABLE `preparacion_alimento`
  MODIFY `idpreparacion_alimento` int(11) NOT NULL AUTO_INCREMENT, AUTO_INCREMENT=532;
--
-- AUTO_INCREMENT de la tabla `preparacion_minuta`
--
ALTER TABLE `preparacion_minuta`
  MODIFY `idpreparacion_minuta` int(11) NOT NULL AUTO_INCREMENT, AUTO_INCREMENT=2424;
--
-- AUTO_INCREMENT de la tabla `sesiones`
--
ALTER TABLE `sesiones`
  MODIFY `id` int(11) NOT NULL AUTO_INCREMENT, AUTO_INCREMENT=129;
--
-- AUTO_INCREMENT de la tabla `tipo`
--
ALTER TABLE `tipo`
  MODIFY `idtipo` int(11) NOT NULL AUTO_INCREMENT, AUTO_INCREMENT=61;
--
-- Restricciones para tablas volcadas
--

--
-- Filtros para la tabla `alimento`
--
ALTER TABLE `alimento`
  ADD CONSTRAINT `fk_tipo_alimento` FOREIGN KEY (`tipo_alimento`) REFERENCES `tipo` (`idtipo`);

--
-- Filtros para la tabla `alimento_paciente`
--
ALTER TABLE `alimento_paciente`
  ADD CONSTRAINT `fk_alimento_paciente_alimento` FOREIGN KEY (`alimento_idalimento`) REFERENCES `alimento` (`idAlimento`),
  ADD CONSTRAINT `fk_alimento_paciente_paciente` FOREIGN KEY (`paciente_rut`) REFERENCES `paciente` (`rut`);

--
-- Filtros para la tabla `evaluacion_nutricional`
--
ALTER TABLE `evaluacion_nutricional`
  ADD CONSTRAINT `fk_Evaluacion_nutricional_paciente` FOREIGN KEY (`Paciente_rut`) REFERENCES `paciente` (`rut`);

--
-- Filtros para la tabla `ficha_clinica`
--
ALTER TABLE `ficha_clinica`
  ADD CONSTRAINT `fk_ficha_clinica_paciente` FOREIGN KEY (`rut`) REFERENCES `paciente` (`rut`);

--
-- Filtros para la tabla `hechos_bc_permitido`
--
ALTER TABLE `hechos_bc_permitido`
  ADD CONSTRAINT `fk_hechos_idpatologia` FOREIGN KEY (`id_patologia`) REFERENCES `patologia` (`idPatologia`),
  ADD CONSTRAINT `fk_hechos_idtipoalimento` FOREIGN KEY (`id_tipo_alimento`) REFERENCES `tipo` (`idtipo`);

--
-- Filtros para la tabla `hechos_bc_restringido`
--
ALTER TABLE `hechos_bc_restringido`
  ADD CONSTRAINT `fk_hechos_restringdo_idpatologia` FOREIGN KEY (`id_patologia`) REFERENCES `patologia` (`idPatologia`),
  ADD CONSTRAINT `fk_hechos_restringdo_idtipo_alimento` FOREIGN KEY (`id_tipo_alimento`) REFERENCES `tipo` (`idtipo`);

--
-- Filtros para la tabla `minutas`
--
ALTER TABLE `minutas`
  ADD CONSTRAINT `fk_minuta_paciente` FOREIGN KEY (`Paciente_rut`) REFERENCES `paciente` (`rut`);

--
-- Filtros para la tabla `paciente`
--
ALTER TABLE `paciente`
  ADD CONSTRAINT `fknutricionista_paciente` FOREIGN KEY (`Nutricionista_rut`) REFERENCES `nutricionista` (`rut`);

--
-- Filtros para la tabla `paciente_patologia`
--
ALTER TABLE `paciente_patologia`
  ADD CONSTRAINT `fkpaciente_paciente_patologia` FOREIGN KEY (`Paciente_rut`) REFERENCES `paciente` (`rut`),
  ADD CONSTRAINT `fkpaciente_patologia` FOREIGN KEY (`Patologia_idPatologia`) REFERENCES `patologia` (`idPatologia`);

--
-- Filtros para la tabla `preparacion_alimento`
--
ALTER TABLE `preparacion_alimento`
  ADD CONSTRAINT `fk_preparacion_alimento_alimento` FOREIGN KEY (`alimento_idalimento`) REFERENCES `alimento` (`idAlimento`),
  ADD CONSTRAINT `fk_preparacion_alimento_preparacion` FOREIGN KEY (`preparacion_idpreparacion`) REFERENCES `preparacion` (`idpreparacion`);

--
-- Filtros para la tabla `preparacion_minuta`
--
ALTER TABLE `preparacion_minuta`
  ADD CONSTRAINT `fk_preparacion_minuta_minuta` FOREIGN KEY (`minuta_idminuta`) REFERENCES `minutas` (`idMinutas`),
  ADD CONSTRAINT `fk_preparacion_minuta_preparacion` FOREIGN KEY (`preparacion_idpreparacion`) REFERENCES `preparacion` (`idpreparacion`);

--
-- Filtros para la tabla `sesiones`
--
ALTER TABLE `sesiones`
  ADD CONSTRAINT `fk_sesion_nutricionista` FOREIGN KEY (`rut`) REFERENCES `nutricionista` (`rut`);

/*!40101 SET CHARACTER_SET_CLIENT=@OLD_CHARACTER_SET_CLIENT */;
/*!40101 SET CHARACTER_SET_RESULTS=@OLD_CHARACTER_SET_RESULTS */;
/*!40101 SET COLLATION_CONNECTION=@OLD_COLLATION_CONNECTION */;
